Time,Open,Close,High,Low,Volume
2025-05-08 01:12:00,1823.63,1822.08,1824.11,1822.02,58.51
2025-05-08 01:13:00,1822.1,1823.13,1823.4,1821.58,71.29
2025-05-08 01:14:00,1823.13,1824.67,1825.42,1821.92,73.79
2025-05-08 01:15:00,1824.65,1820.38,1824.65,1819.64,445.73
2025-05-08 01:16:00,1820.36,1823.42,1823.7,1820.09,179.25
2025-05-08 01:17:00,1823.42,1824.03,1825.75,1823.14,113.49
2025-05-08 01:18:00,1823.97,1824.18,1825.78,1823.97,206.55
2025-05-08 01:19:00,1824.19,1824.3,1825.67,1823.86,81.18
2025-05-08 01:20:00,1824.22,1830.99,1830.99,1824.22,493.58
2025-05-08 01:21:00,1831.19,1829.38,1831.57,1828.62,139.06
2025-05-08 01:22:00,1829.38,1826.49,1829.52,1825.77,715.0
2025-05-08 01:23:00,1826.53,1827.14,1827.47,1826.1,71.57
2025-05-08 01:24:00,1827.04,1826.81,1828.42,1826.66,1316.21
2025-05-08 01:25:00,1826.81,1826.54,1827.24,1825.47,31.62
2025-05-08 01:26:00,1826.54,1829.54,1830.0,1826.44,31.92
2025-05-08 01:27:00,1829.44,1828.14,1829.45,1827.61,40.69
2025-05-08 01:28:00,1828.14,1828.54,1829.33,1827.91,39.58
2025-05-08 01:29:00,1828.54,1827.5,1829.45,1827.33,37.04
2025-05-08 01:30:00,1827.5,1826.43,1828.59,1826.14,84.89
2025-05-08 01:31:00,1826.45,1828.44,1829.0,1826.36,105.85
2025-05-08 01:32:00,1828.46,1828.75,1830.0,1828.04,43.98
2025-05-08 01:33:00,1828.75,1826.66,1829.46,1826.42,41.04
2025-05-08 01:34:00,1826.66,1827.42,1827.68,1826.08,142.28
2025-05-08 01:35:00,1827.44,1829.03,1829.11,1826.43,130.52
2025-05-08 01:36:00,1829.03,1828.81,1829.14,1827.33,30.2
2025-05-08 01:37:00,1828.81,1828.65,1829.16,1827.74,41.23
2025-05-08 01:38:00,1828.62,1828.11,1829.35,1828.08,124.95
2025-05-08 01:39:00,1828.13,1829.48,1829.82,1828.13,66.03
2025-05-08 01:40:00,1829.48,1826.1,1829.48,1826.08,74.02
2025-05-08 01:41:00,1826.1,1827.0,1827.17,1826.05,87.47
2025-05-08 01:42:00,1826.98,1827.26,1827.9,1826.15,30.55
2025-05-08 01:43:00,1827.2,1824.2,1827.24,1824.2,42.8
2025-05-08 01:44:00,1824.22,1824.93,1825.04,1824.01,39.58
2025-05-08 01:45:00,1824.95,1827.1,1827.12,1824.95,57.75
2025-05-08 01:46:00,1827.1,1825.04,1827.92,1825.04,105.91
2025-05-08 01:47:00,1825.04,1824.86,1825.2,1823.24,252.2
2025-05-08 01:48:00,1824.81,1823.67,1825.14,1823.24,122.1
2025-05-08 01:49:00,1823.71,1823.94,1823.95,1823.23,32.91
2025-05-08 01:50:00,1823.94,1825.08,1825.08,1823.54,35.0
2025-05-08 01:51:00,1824.94,1823.32,1825.33,1823.32,158.44
2025-05-08 01:52:00,1823.32,1821.71,1823.64,1821.43,198.85
2025-05-08 01:53:00,1821.71,1819.61,1821.85,1819.07,129.9
2025-05-08 01:54:00,1819.77,1819.87,1820.27,1819.24,89.32
2025-05-08 01:55:00,1819.89,1820.17,1821.2,1819.44,68.98
2025-05-08 01:56:00,1820.19,1819.94,1821.36,1819.92,56.08
2025-05-08 01:57:00,1819.94,1819.93,1819.94,1819.02,104.62
2025-05-08 01:58:00,1819.91,1821.28,1821.3,1819.38,43.86
2025-05-08 01:59:00,1820.96,1822.02,1822.34,1820.96,131.42
2025-05-08 02:00:00,1822.02,1822.8,1823.46,1822.02,88.42
2025-05-08 02:01:00,1822.8,1824.92,1825.06,1822.79,100.57
2025-05-08 02:02:00,1824.86,1825.35,1825.51,1823.96,114.69
2025-05-08 02:03:00,1825.35,1824.91,1825.72,1824.66,102.76
2025-05-08 02:04:00,1824.91,1825.14,1825.52,1824.3,59.99
2025-05-08 02:05:00,1825.14,1826.6,1826.75,1825.08,61.69
2025-05-08 02:06:00,1826.58,1826.51,1826.86,1826.23,59.22
2025-05-08 02:07:00,1826.51,1825.11,1827.74,1825.09,51.72
2025-05-08 02:08:00,1825.41,1824.98,1826.28,1824.74,35.08
2025-05-08 02:09:00,1824.98,1825.46,1825.64,1824.78,71.74
2025-05-08 02:10:00,1825.49,1826.4,1826.4,1825.07,21.99
2025-05-08 02:11:00,1826.4,1826.56,1827.13,1826.34,29.3
2025-05-08 02:12:00,1826.58,1826.7,1827.22,1826.28,125.32
2025-05-08 02:13:00,1826.71,1827.45,1828.37,1826.69,64.53
2025-05-08 02:14:00,1827.45,1828.12,1828.41,1827.2,56.36
2025-05-08 02:15:00,1828.24,1828.99,1829.33,1827.89,83.82
2025-05-08 02:16:00,1829.06,1831.34,1832.57,1828.9,1014.29
2025-05-08 02:17:00,1831.35,1829.47,1831.65,1829.44,89.99
2025-05-08 02:18:00,1829.47,1830.25,1830.27,1829.02,119.95
2025-05-08 02:19:00,1830.21,1829.53,1830.3,1829.08,66.68
2025-05-08 02:20:00,1829.53,1830.09,1830.28,1829.3,173.46
2025-05-08 02:21:00,1830.07,1830.8,1831.03,1829.0,57.09
2025-05-08 02:22:00,1830.74,1830.1,1831.18,1829.96,40.33
2025-05-08 02:23:00,1830.08,1830.7,1831.55,1829.97,124.62
2025-05-08 02:24:00,1830.7,1831.82,1832.0,1830.36,51.69
2025-05-08 02:25:00,1831.8,1834.77,1834.88,1831.76,266.45
2025-05-08 02:26:00,1834.85,1835.72,1836.77,1834.83,270.36
2025-05-08 02:27:00,1835.8,1836.6,1837.96,1835.76,456.69
2025-05-08 02:28:00,1836.58,1839.01,1840.0,1836.58,411.29
2025-05-08 02:29:00,1838.99,1839.34,1839.65,1837.19,180.43
2025-05-08 02:30:00,1839.3,1842.69,1843.43,1838.62,735.79
2025-05-08 02:31:00,1842.67,1843.84,1845.23,1841.86,409.36
2025-05-08 02:32:00,1843.84,1844.83,1847.0,1843.63,204.13
2025-05-08 02:33:00,1844.85,1842.24,1845.52,1841.65,446.63
2025-05-08 02:34:00,1841.97,1841.53,1843.44,1841.53,101.83
2025-05-08 02:35:00,1841.53,1842.97,1843.67,1841.53,170.58
2025-05-08 02:36:00,1842.95,1844.04,1845.12,1841.63,137.49
2025-05-08 02:37:00,1844.04,1841.76,1844.38,1841.57,73.08
2025-05-08 02:38:00,1841.77,1839.52,1842.36,1839.34,221.02
2025-05-08 02:39:00,1839.53,1837.86,1839.69,1837.31,268.22
2025-05-08 02:40:00,1837.77,1838.89,1840.0,1837.73,111.54
2025-05-08 02:41:00,1838.89,1839.3,1839.59,1838.21,101.92
2025-05-08 02:42:00,1839.3,1838.22,1839.3,1838.08,68.05
2025-05-08 02:43:00,1838.24,1839.31,1839.83,1837.49,61.51
2025-05-08 02:44:00,1839.29,1839.65,1841.4,1839.27,82.84
2025-05-08 02:45:00,1839.67,1842.54,1843.37,1839.49,77.89
2025-05-08 02:46:00,1842.56,1840.89,1842.89,1840.26,35.43
2025-05-08 02:47:00,1840.97,1842.08,1842.08,1840.6,68.37
2025-05-08 02:48:00,1842.08,1842.04,1842.91,1841.81,215.76
2025-05-08 02:49:00,1841.9,1842.5,1843.12,1841.87,79.87
2025-05-08 02:50:00,1842.5,1844.15,1844.26,1841.12,44.87
2025-05-08 02:51:00,1844.17,1842.77,1844.55,1840.77,96.36
2025-05-08 02:52:00,1842.77,1843.04,1843.07,1841.19,73.1
2025-05-08 02:53:00,1843.02,1843.35,1844.47,1842.7,46.83
2025-05-08 02:54:00,1843.37,1842.05,1844.1,1841.71,26.8
2025-05-08 02:55:00,1842.05,1840.63,1842.07,1840.6,158.83
2025-05-08 02:56:00,1840.54,1840.1,1840.77,1839.95,160.19
2025-05-08 02:57:00,1840.1,1839.54,1840.34,1839.41,76.93
2025-05-08 02:58:00,1839.53,1839.89,1840.0,1839.52,142.19
2025-05-08 02:59:00,1839.85,1840.66,1840.68,1839.74,42.62
2025-05-08 03:00:00,1840.66,1841.53,1842.42,1840.66,74.07
2025-05-08 03:01:00,1841.51,1839.58,1841.97,1839.27,48.01
2025-05-08 03:02:00,1839.56,1839.1,1839.77,1837.97,71.07
2025-05-08 03:03:00,1839.17,1841.49,1841.71,1839.17,27.15
2025-05-08 03:04:00,1841.51,1842.91,1843.39,1841.36,109.0
2025-05-08 03:05:00,1842.91,1844.47,1845.28,1842.91,205.16
2025-05-08 03:06:00,1844.49,1844.92,1845.07,1844.24,57.53
2025-05-08 03:07:00,1844.9,1845.01,1845.99,1844.8,150.93
2025-05-08 03:08:00,1845.01,1850.14,1853.33,1843.66,1136.83
2025-05-08 03:09:00,1849.94,1855.36,1858.61,1849.94,1075.71
2025-05-08 03:10:00,1855.36,1859.25,1860.5,1855.05,796.25
2025-05-08 03:11:00,1859.25,1855.29,1862.22,1855.29,579.61
2025-05-08 03:12:00,1855.29,1853.31,1856.39,1852.39,426.31
2025-05-08 03:13:00,1853.33,1854.68,1855.09,1853.17,218.33
2025-05-08 03:14:00,1854.5,1855.07,1855.7,1853.97,172.61
2025-05-08 03:15:00,1855.05,1855.0,1858.65,1854.18,230.67
2025-05-08 03:16:00,1855.02,1857.07,1858.21,1854.59,170.6
2025-05-08 03:17:00,1857.27,1859.82,1861.24,1857.14,287.89
2025-05-08 03:18:00,1859.8,1861.25,1861.7,1858.91,290.36
2025-05-08 03:19:00,1861.25,1859.67,1863.45,1859.67,259.08
2025-05-08 03:20:00,1859.69,1859.32,1860.9,1858.75,80.29
2025-05-08 03:21:00,1859.34,1858.26,1859.39,1857.54,74.49
2025-05-08 03:22:00,1858.29,1859.47,1860.67,1857.66,63.1
2025-05-08 03:23:00,1859.49,1861.91,1861.92,1859.16,45.76
2025-05-08 03:24:00,1861.9,1864.49,1864.93,1861.89,119.26
2025-05-08 03:25:00,1864.45,1865.79,1868.0,1864.11,660.87
2025-05-08 03:26:00,1866.07,1866.61,1869.38,1866.02,317.26
2025-05-08 03:27:00,1866.63,1864.14,1866.86,1863.85,94.89
2025-05-08 03:28:00,1864.16,1863.13,1864.69,1863.06,183.58
2025-05-08 03:29:00,1863.13,1863.14,1864.3,1863.11,161.51
2025-05-08 03:30:00,1863.16,1865.28,1866.25,1862.88,155.97
2025-05-08 03:31:00,1865.29,1862.5,1866.17,1862.5,98.75
2025-05-08 03:32:00,1862.52,1861.91,1862.52,1859.84,118.81
2025-05-08 03:33:00,1861.89,1860.53,1862.84,1860.43,52.4
2025-05-08 03:34:00,1860.52,1861.86,1862.55,1860.52,45.98
2025-05-08 03:35:00,1861.86,1864.99,1865.0,1861.76,74.45
2025-05-08 03:36:00,1864.99,1866.28,1866.39,1864.78,54.82
2025-05-08 03:37:00,1866.23,1865.32,1866.68,1865.03,47.49
2025-05-08 03:38:00,1865.34,1866.67,1868.26,1865.28,273.62
2025-05-08 03:39:00,1866.67,1866.09,1866.85,1864.52,67.56
2025-05-08 03:40:00,1866.07,1870.45,1870.97,1865.88,131.99
2025-05-08 03:41:00,1870.4,1874.06,1874.76,1869.1,1990.9
2025-05-08 03:42:00,1873.74,1877.15,1878.62,1873.04,833.35
2025-05-08 03:43:00,1877.15,1880.89,1881.83,1877.01,856.82
2025-05-08 03:44:00,1880.82,1887.39,1887.86,1879.26,950.09
2025-05-08 03:45:00,1887.52,1892.19,1898.56,1887.52,2925.51
2025-05-08 03:46:00,1892.32,1892.1,1894.63,1889.87,763.93
2025-05-08 03:47:00,1892.1,1888.55,1893.09,1887.73,470.42
2025-05-08 03:48:00,1888.51,1883.91,1888.65,1882.8,588.92
2025-05-08 03:49:00,1883.85,1885.53,1888.78,1883.36,273.29
2025-05-08 03:50:00,1885.52,1885.78,1887.59,1885.01,214.72
2025-05-08 03:51:00,1885.77,1883.24,1886.17,1882.79,98.21
2025-05-08 03:52:00,1883.26,1885.1,1885.79,1882.81,1126.74
2025-05-08 03:53:00,1885.08,1887.25,1887.72,1885.08,384.84
2025-05-08 03:54:00,1887.25,1886.36,1887.52,1885.96,197.75
2025-05-08 03:55:00,1886.34,1886.11,1887.65,1885.49,360.82
2025-05-08 03:56:00,1886.11,1888.28,1889.44,1886.11,152.4
2025-05-08 03:57:00,1888.15,1905.9,1906.17,1887.94,2083.36
2025-05-08 03:58:00,1905.78,1901.56,1905.91,1899.5,1132.15
2025-05-08 03:59:00,1901.75,1900.26,1903.64,1898.69,351.92
2025-05-08 04:00:00,1900.27,1908.6,1915.79,1900.24,2157.88
2025-05-08 04:01:00,1908.53,1910.27,1913.99,1906.11,470.79
2025-05-08 04:02:00,1910.25,1906.34,1910.82,1905.0,148.96
2025-05-08 04:03:00,1906.32,1905.99,1908.3,1903.55,354.44
2025-05-08 04:04:00,1906.64,1902.37,1906.64,1901.65,232.52
2025-05-08 04:05:00,1902.35,1906.8,1907.74,1901.75,331.06
2025-05-08 04:06:00,1906.78,1909.03,1910.04,1905.79,193.27
2025-05-08 04:07:00,1909.38,1910.11,1911.87,1907.51,154.74
2025-05-08 04:08:00,1910.13,1907.76,1910.13,1906.79,330.64
2025-05-08 04:09:00,1907.74,1905.51,1908.51,1904.47,195.98
2025-05-08 04:10:00,1905.52,1900.88,1905.89,1899.45,449.73
2025-05-08 04:11:00,1900.83,1903.5,1903.99,1900.8,240.22
2025-05-08 04:12:00,1903.5,1904.28,1905.01,1903.0,105.25
2025-05-08 04:13:00,1904.3,1903.98,1904.84,1903.48,38.06
2025-05-08 04:14:00,1904.0,1906.56,1906.6,1903.11,94.87
2025-05-08 04:15:00,1906.56,1906.21,1908.8,1905.41,264.55
2025-05-08 04:16:00,1906.21,1909.81,1912.5,1906.21,370.44
2025-05-08 04:17:00,1909.8,1910.96,1911.34,1908.95,110.03
2025-05-08 04:18:00,1911.25,1907.72,1913.03,1906.46,204.02
2025-05-08 04:19:00,1907.75,1909.97,1910.58,1907.75,74.17
2025-05-08 04:20:00,1909.89,1912.26,1912.49,1909.07,265.01
2025-05-08 04:21:00,1912.28,1911.85,1912.78,1910.45,210.31
2025-05-08 04:22:00,1911.85,1910.76,1912.97,1909.42,73.45
2025-05-08 04:23:00,1910.77,1909.77,1910.77,1907.84,54.46
2025-05-08 04:24:00,1909.75,1910.6,1910.74,1909.12,158.37
2025-05-08 04:25:00,1910.72,1912.99,1913.0,1910.38,242.96
2025-05-08 04:26:00,1912.99,1904.65,1913.0,1904.65,397.07
2025-05-08 04:27:00,1904.67,1906.56,1906.87,1904.63,208.49
2025-05-08 04:28:00,1906.66,1906.02,1907.5,1904.77,99.24
2025-05-08 04:29:00,1906.67,1904.98,1907.26,1904.95,103.94
2025-05-08 04:30:00,1904.97,1904.0,1906.37,1903.67,163.87
2025-05-08 04:31:00,1904.0,1903.98,1904.69,1901.07,225.16
2025-05-08 04:32:00,1904.0,1905.86,1906.84,1903.92,79.21
2025-05-08 04:33:00,1905.84,1904.19,1905.86,1902.98,126.28
2025-05-08 04:34:00,1904.17,1905.25,1905.28,1903.11,82.04
2025-05-08 04:35:00,1904.83,1905.58,1906.68,1904.44,69.39
2025-05-08 04:36:00,1905.56,1904.36,1906.05,1904.36,58.85
2025-05-08 04:37:00,1904.36,1906.77,1906.79,1903.89,76.55
2025-05-08 04:38:00,1906.77,1903.86,1906.79,1903.39,70.35
2025-05-08 04:39:00,1903.86,1904.77,1906.17,1903.68,60.66
2025-05-08 04:40:00,1904.75,1905.35,1906.9,1904.23,182.08
2025-05-08 04:41:00,1905.35,1903.88,1906.26,1903.55,58.35
2025-05-08 04:42:00,1904.07,1901.57,1904.26,1901.48,74.36
2025-05-08 04:43:00,1901.55,1900.34,1902.31,1899.6,294.33
2025-05-08 04:44:00,1900.37,1898.29,1900.41,1898.01,265.42
2025-05-08 04:45:00,1898.33,1900.64,1900.94,1898.31,273.93
2025-05-08 04:46:00,1900.59,1899.4,1900.8,1898.7,127.52
2025-05-08 04:47:00,1899.38,1900.87,1900.99,1898.14,80.78
2025-05-08 04:48:00,1900.99,1898.54,1900.99,1898.54,58.16
2025-05-08 04:49:00,1898.56,1897.26,1898.63,1896.54,290.42
2025-05-08 04:50:00,1897.26,1897.15,1899.62,1896.96,181.41
2025-05-08 04:51:00,1897.3,1894.26,1898.07,1894.26,174.4
2025-05-08 04:52:00,1894.39,1894.9,1895.81,1893.62,231.81
2025-05-08 04:53:00,1894.9,1892.57,1895.5,1892.23,210.61
2025-05-08 04:54:00,1892.61,1893.39,1893.41,1892.42,67.25
2025-05-08 04:55:00,1893.41,1894.99,1895.03,1892.69,271.23
2025-05-08 04:56:00,1894.99,1894.69,1895.77,1894.5,227.68
2025-05-08 04:57:00,1894.74,1893.96,1894.76,1893.0,130.06
2025-05-08 04:58:00,1893.99,1893.41,1895.04,1893.07,53.56
2025-05-08 04:59:00,1893.41,1893.12,1894.57,1893.07,109.96
2025-05-08 05:00:00,1893.14,1897.07,1897.07,1893.14,151.48
2025-05-08 05:01:00,1897.12,1894.1,1897.12,1894.1,86.99
2025-05-08 05:02:00,1894.1,1894.89,1896.55,1894.0,85.0
2025-05-08 05:03:00,1894.91,1895.41,1895.48,1894.35,45.59
2025-05-08 05:04:00,1895.41,1898.95,1899.44,1895.41,102.68
2025-05-08 05:05:00,1898.95,1899.0,1899.65,1898.07,70.88
2025-05-08 05:06:00,1899.02,1901.41,1903.7,1898.36,226.29
2025-05-08 05:07:00,1901.43,1901.78,1901.93,1900.94,129.02
2025-05-08 05:08:00,1901.78,1900.72,1901.78,1900.49,114.01
2025-05-08 05:09:00,1900.68,1900.23,1901.05,1900.0,61.32
2025-05-08 05:10:00,1900.23,1899.9,1900.6,1899.84,84.27
2025-05-08 05:11:00,1899.92,1899.4,1900.65,1899.38,31.89
2025-05-08 05:12:00,1899.37,1897.26,1899.56,1897.26,41.23
2025-05-08 05:13:00,1897.26,1898.6,1899.12,1897.15,200.46
2025-05-08 05:14:00,1898.62,1898.16,1898.85,1898.16,76.27
2025-05-08 05:15:00,1898.18,1896.9,1898.93,1896.89,102.4
2025-05-08 05:16:00,1896.89,1895.09,1896.93,1894.07,117.12
2025-05-08 05:17:00,1895.09,1894.33,1895.34,1893.82,217.21
2025-05-08 05:18:00,1894.33,1894.01,1894.41,1893.36,75.65
2025-05-08 05:19:00,1894.01,1893.2,1894.1,1893.16,132.54
2025-05-08 05:20:00,1893.2,1894.57,1895.16,1893.14,88.31
2025-05-08 05:21:00,1894.57,1893.92,1895.14,1893.58,77.54
2025-05-08 05:22:00,1893.9,1893.62,1894.0,1893.19,239.23
2025-05-08 05:23:00,1893.62,1894.05,1894.58,1893.59,75.53
2025-05-08 05:24:00,1894.03,1892.94,1894.04,1892.78,93.07
2025-05-08 05:25:00,1892.94,1893.35,1893.58,1892.8,45.63
2025-05-08 05:26:00,1893.33,1891.71,1893.35,1891.41,108.76
2025-05-08 05:27:00,1891.67,1895.0,1895.02,1891.66,147.81
2025-05-08 05:28:00,1895.02,1895.3,1896.15,1895.0,117.19
2025-05-08 05:29:00,1895.3,1897.09,1897.59,1895.28,81.18
2025-05-08 05:30:00,1897.1,1898.04,1898.85,1897.09,107.35
2025-05-08 05:31:00,1898.04,1897.4,1898.74,1897.4,102.73
2025-05-08 05:32:00,1897.42,1896.95,1897.86,1896.21,132.28
2025-05-08 05:33:00,1896.95,1897.28,1897.43,1895.69,78.43
2025-05-08 05:34:00,1897.3,1897.83,1898.34,1897.04,79.57
2025-05-08 05:35:00,1897.85,1899.14,1899.21,1897.82,114.86
2025-05-08 05:36:00,1899.12,1899.43,1899.5,1898.33,32.93
2025-05-08 05:37:00,1899.45,1898.41,1899.56,1898.09,109.36
2025-05-08 05:38:00,1898.41,1896.06,1898.46,1896.06,95.44
2025-05-08 05:39:00,1896.06,1897.84,1898.24,1896.06,129.56
2025-05-08 05:40:00,1897.84,1898.16,1898.74,1897.68,120.47
2025-05-08 05:41:00,1898.16,1898.35,1898.78,1897.92,97.45
2025-05-08 05:42:00,1898.1,1898.5,1899.03,1898.05,30.88
2025-05-08 05:43:00,1898.48,1899.55,1899.55,1898.03,70.81
2025-05-08 05:44:00,1899.55,1900.45,1900.76,1899.34,178.63
2025-05-08 05:45:00,1900.43,1900.08,1900.45,1899.82,75.57
2025-05-08 05:46:00,1900.1,1900.04,1900.97,1900.0,42.19
2025-05-08 05:47:00,1900.05,1900.04,1900.17,1898.85,50.61
2025-05-08 05:48:00,1900.04,1902.29,1902.89,1900.02,301.51
2025-05-08 05:49:00,1902.31,1901.08,1902.31,1900.69,34.39
2025-05-08 05:50:00,1901.08,1900.59,1901.66,1900.08,59.87
2025-05-08 05:51:00,1900.59,1899.05,1900.7,1899.05,60.77
2025-05-08 05:52:00,1899.05,1898.79,1899.29,1898.1,88.71
2025-05-08 05:53:00,1898.79,1898.14,1898.79,1897.62,97.16
2025-05-08 05:54:00,1898.14,1897.62,1898.17,1897.59,101.9
2025-05-08 05:55:00,1897.6,1897.24,1898.2,1897.07,74.92
2025-05-08 05:56:00,1897.22,1896.52,1897.24,1895.8,92.45
2025-05-08 05:57:00,1896.5,1896.72,1897.05,1896.47,147.5
2025-05-08 05:58:00,1896.74,1895.91,1896.95,1895.59,68.62
2025-05-08 05:59:00,1895.94,1896.11,1896.57,1895.9,30.52
2025-05-08 06:00:00,1896.11,1897.17,1897.17,1895.32,86.73
2025-05-08 06:01:00,1897.17,1896.16,1897.51,1895.35,66.63
2025-05-08 06:02:00,1896.14,1897.38,1897.38,1896.03,45.2
2025-05-08 06:03:00,1897.38,1897.75,1897.75,1896.11,63.82
2025-05-08 06:04:00,1897.75,1898.37,1898.53,1897.31,91.53
2025-05-08 06:05:00,1898.37,1897.83,1899.0,1897.81,40.06
2025-05-08 06:06:00,1897.81,1899.8,1899.8,1897.81,55.19
2025-05-08 06:07:00,1899.77,1900.59,1900.63,1898.48,54.16
2025-05-08 06:08:00,1900.52,1900.99,1901.0,1899.63,67.73
2025-05-08 06:09:00,1900.99,1900.91,1902.0,1900.88,102.13
2025-05-08 06:10:00,1900.91,1900.12,1901.9,1899.96,66.73
2025-05-08 06:11:00,1900.12,1900.43,1901.03,1900.08,58.99
2025-05-08 06:12:00,1900.45,1902.12,1902.34,1900.42,49.94
2025-05-08 06:13:00,1902.1,1901.63,1902.38,1901.45,56.68
2025-05-08 06:14:00,1901.65,1901.92,1902.0,1901.18,32.14
2025-05-08 06:15:00,1901.94,1901.52,1901.94,1900.57,51.18
2025-05-08 06:16:00,1901.52,1899.77,1901.53,1899.39,254.51
2025-05-08 06:17:00,1899.77,1900.81,1900.94,1899.73,50.47
2025-05-08 06:18:00,1900.79,1900.38,1901.14,1899.77,26.65
2025-05-08 06:19:00,1900.39,1903.23,1903.76,1900.39,98.08
2025-05-08 06:20:00,1903.21,1903.99,1905.42,1902.61,135.35
2025-05-08 06:21:00,1903.99,1901.22,1904.73,1901.22,372.72
2025-05-08 06:22:00,1901.22,1903.05,1903.84,1901.22,66.7
2025-05-08 06:23:00,1903.05,1901.54,1903.05,1900.95,40.68
2025-05-08 06:24:00,1901.56,1902.33,1902.7,1901.54,31.34
2025-05-08 06:25:00,1902.33,1901.78,1902.33,1901.63,26.92
2025-05-08 06:26:00,1901.78,1904.38,1904.5,1901.74,64.36
2025-05-08 06:27:00,1904.36,1903.05,1904.4,1902.82,32.37
2025-05-08 06:28:00,1903.11,1903.97,1904.44,1903.09,37.12
2025-05-08 06:29:00,1903.97,1903.32,1903.99,1902.86,51.91
2025-05-08 06:30:00,1903.32,1903.83,1903.91,1903.32,35.4
2025-05-08 06:31:00,1903.83,1902.01,1903.85,1902.0,29.7
2025-05-08 06:32:00,1902.07,1901.41,1902.35,1901.27,47.47
2025-05-08 06:33:00,1901.43,1901.95,1903.77,1901.35,89.98
2025-05-08 06:34:00,1901.95,1903.6,1903.62,1901.54,40.46
2025-05-08 06:35:00,1903.62,1904.31,1904.55,1903.6,44.0
2025-05-08 06:36:00,1904.29,1902.43,1904.31,1902.43,64.78
2025-05-08 06:37:00,1902.45,1904.02,1904.17,1902.43,29.61
2025-05-08 06:38:00,1904.0,1905.32,1906.37,1903.9,141.01
2025-05-08 06:39:00,1905.32,1904.46,1905.91,1904.25,40.36
2025-05-08 06:40:00,1904.41,1904.48,1905.07,1904.37,29.93
2025-05-08 06:41:00,1904.48,1904.15,1904.54,1903.78,33.23
2025-05-08 06:42:00,1904.13,1904.73,1905.15,1904.13,76.2
2025-05-08 06:43:00,1904.88,1905.95,1905.96,1904.78,33.05
2025-05-08 06:44:00,1905.97,1906.8,1906.8,1905.37,234.97
2025-05-08 06:45:00,1906.78,1905.98,1907.17,1904.83,99.23
2025-05-08 06:46:00,1906.0,1905.8,1906.79,1905.8,52.19
2025-05-08 06:47:00,1905.8,1904.81,1906.12,1904.28,79.69
2025-05-08 06:48:00,1904.79,1904.39,1905.12,1904.26,81.09
2025-05-08 06:49:00,1904.39,1905.07,1905.1,1904.22,41.63
2025-05-08 06:50:00,1905.09,1906.99,1907.0,1905.07,124.14
2025-05-08 06:51:00,1907.0,1906.39,1907.0,1906.03,109.19
2025-05-08 06:52:00,1906.41,1906.44,1906.46,1905.91,50.61
2025-05-08 06:53:00,1906.46,1907.48,1907.48,1905.9,47.19
2025-05-08 06:54:00,1907.5,1906.93,1907.59,1906.93,42.36
2025-05-08 06:55:00,1906.95,1906.83,1907.41,1906.82,42.29
2025-05-08 06:56:00,1906.88,1907.66,1908.47,1906.83,206.38
2025-05-08 06:57:00,1907.66,1908.04,1908.7,1907.66,140.22
2025-05-08 06:58:00,1908.06,1908.9,1909.04,1908.02,61.58
2025-05-08 06:59:00,1908.9,1910.4,1910.82,1908.58,236.61
2025-05-08 07:00:00,1910.42,1908.18,1910.6,1907.97,287.03
2025-05-08 07:01:00,1908.21,1910.39,1910.51,1908.05,137.34
2025-05-08 07:02:00,1910.33,1910.94,1912.6,1910.06,204.04
2025-05-08 07:03:00,1910.94,1910.11,1912.27,1910.11,210.23
2025-05-08 07:04:00,1910.13,1910.0,1911.41,1910.0,218.82
2025-05-08 07:05:00,1910.0,1910.4,1910.9,1910.0,62.89
2025-05-08 07:06:00,1910.38,1909.35,1910.4,1909.03,99.33
2025-05-08 07:07:00,1909.32,1911.67,1911.74,1909.0,85.22
2025-05-08 07:08:00,1911.67,1910.91,1912.5,1910.81,144.22
2025-05-08 07:09:00,1910.91,1910.63,1911.44,1910.07,28.83
2025-05-08 07:10:00,1910.65,1909.81,1910.79,1909.6,153.96
2025-05-08 07:11:00,1909.81,1908.49,1910.22,1908.49,125.2
2025-05-08 07:12:00,1908.51,1908.29,1908.59,1908.06,103.99
2025-05-08 07:13:00,1908.22,1908.27,1908.65,1908.0,33.11
2025-05-08 07:14:00,1908.25,1908.49,1908.57,1907.68,68.76
2025-05-08 07:15:00,1908.49,1909.8,1909.8,1907.95,51.19
2025-05-08 07:16:00,1909.83,1910.09,1910.43,1908.34,35.42
2025-05-08 07:17:00,1910.1,1910.26,1911.19,1909.91,60.88
2025-05-08 07:18:00,1910.25,1909.55,1910.25,1908.65,33.42
2025-05-08 07:19:00,1909.55,1910.13,1910.16,1909.24,35.61
2025-05-08 07:20:00,1910.11,1911.06,1911.12,1909.85,56.73
2025-05-08 07:21:00,1911.08,1912.16,1912.16,1910.72,52.24
2025-05-08 07:22:00,1912.15,1912.98,1913.33,1911.32,548.41
2025-05-08 07:23:00,1913.0,1914.09,1914.86,1912.87,593.04
2025-05-08 07:24:00,1914.09,1912.75,1914.46,1912.73,366.74
2025-05-08 07:25:00,1912.73,1912.21,1913.01,1911.65,111.87
2025-05-08 07:26:00,1912.19,1911.58,1913.5,1911.58,127.76
2025-05-08 07:27:00,1911.6,1912.92,1913.0,1911.38,100.99
2025-05-08 07:28:00,1912.92,1913.15,1913.71,1912.23,230.94
2025-05-08 07:29:00,1913.15,1914.01,1914.04,1913.01,49.68
2025-05-08 07:30:00,1914.0,1912.31,1914.15,1912.0,116.08
2025-05-08 07:31:00,1912.31,1913.28,1913.68,1912.29,94.8
2025-05-08 07:32:00,1913.28,1912.41,1915.3,1911.87,252.29
2025-05-08 07:33:00,1912.41,1931.51,1940.86,1912.31,3725.6
2025-05-08 07:34:00,1931.47,1938.5,1942.95,1927.59,1060.34
2025-05-08 07:35:00,1938.12,1929.61,1938.12,1928.75,689.51
2025-05-08 07:36:00,1929.73,1927.88,1929.75,1926.39,626.6
2025-05-08 07:37:00,1927.44,1926.91,1928.74,1924.47,787.59
2025-05-08 07:38:00,1926.91,1928.61,1932.5,1926.73,279.9
2025-05-08 07:39:00,1928.58,1926.67,1929.56,1925.38,255.8
2025-05-08 07:40:00,1926.72,1927.79,1929.13,1926.67,189.77
2025-05-08 07:41:00,1927.81,1928.84,1929.69,1926.33,377.59
2025-05-08 07:42:00,1928.84,1930.58,1931.58,1928.47,164.35
2025-05-08 07:43:00,1930.44,1928.51,1930.52,1928.06,197.42
2025-05-08 07:44:00,1928.53,1931.53,1932.76,1927.92,153.14
2025-05-08 07:45:00,1931.38,1929.01,1931.65,1929.0,230.17
2025-05-08 07:46:00,1929.01,1927.92,1930.7,1927.5,90.76
2025-05-08 07:47:00,1927.92,1926.43,1928.03,1926.05,134.93
2025-05-08 07:48:00,1926.41,1926.03,1926.67,1926.0,609.33
2025-05-08 07:49:00,1926.09,1927.17,1927.93,1926.0,127.0
2025-05-08 07:50:00,1927.17,1927.6,1927.74,1926.71,89.28
2025-05-08 07:51:00,1927.6,1927.02,1928.61,1927.0,134.13
2025-05-08 07:52:00,1927.02,1925.06,1927.03,1925.0,203.6
2025-05-08 07:53:00,1925.09,1925.06,1925.33,1924.3,302.18
2025-05-08 07:54:00,1925.13,1926.65,1926.65,1925.13,99.89
2025-05-08 07:55:00,1926.65,1927.29,1927.61,1926.24,173.07
2025-05-08 07:56:00,1927.27,1927.53,1927.55,1926.4,126.01
2025-05-08 07:57:00,1927.53,1926.67,1927.55,1926.24,91.16
2025-05-08 07:58:00,1926.67,1927.13,1927.24,1926.39,114.52
2025-05-08 07:59:00,1927.15,1927.57,1927.78,1927.05,58.76
2025-05-08 08:00:00,1927.62,1926.6,1928.03,1926.6,99.45
2025-05-08 08:01:00,1926.6,1928.11,1928.98,1926.14,87.65
2025-05-08 08:02:00,1928.11,1929.29,1929.85,1928.07,101.11
2025-05-08 08:03:00,1929.31,1928.51,1929.45,1928.48,56.74
2025-05-08 08:04:00,1928.49,1928.87,1928.99,1927.43,49.75
2025-05-08 08:05:00,1928.87,1928.93,1929.56,1928.1,132.89
2025-05-08 08:06:00,1928.93,1928.25,1928.93,1927.16,129.42
2025-05-08 08:07:00,1928.25,1930.26,1930.42,1927.55,227.83
2025-05-08 08:08:00,1930.27,1927.7,1931.3,1927.7,193.21
2025-05-08 08:09:00,1927.41,1925.43,1927.67,1925.29,235.37
2025-05-08 08:10:00,1925.44,1928.36,1928.39,1925.3,44.34
2025-05-08 08:11:00,1928.34,1926.74,1928.34,1926.18,68.23
2025-05-08 08:12:00,1926.74,1927.19,1927.38,1926.18,113.84
2025-05-08 08:13:00,1927.19,1927.39,1927.41,1926.39,52.8
2025-05-08 08:14:00,1927.43,1928.18,1928.55,1927.42,72.15
2025-05-08 08:15:00,1928.2,1928.44,1928.68,1927.41,35.96
2025-05-08 08:16:00,1928.56,1931.79,1931.99,1928.56,179.29
2025-05-08 08:17:00,1931.81,1931.22,1931.91,1930.37,69.91
2025-05-08 08:18:00,1931.22,1931.76,1932.49,1930.51,175.26
2025-05-08 08:19:00,1931.38,1932.6,1932.6,1931.32,80.18
2025-05-08 08:20:00,1932.54,1932.33,1933.61,1932.23,1115.8
2025-05-08 08:21:00,1932.33,1932.1,1933.99,1931.57,122.51
2025-05-08 08:22:00,1932.08,1929.73,1932.1,1929.61,662.17
2025-05-08 08:23:00,1929.71,1928.12,1929.76,1927.83,90.35
2025-05-08 08:24:00,1928.14,1929.7,1929.7,1927.77,107.1
2025-05-08 08:25:00,1929.7,1930.32,1931.3,1929.53,133.14
2025-05-08 08:26:00,1930.32,1929.45,1931.81,1929.29,38.27
2025-05-08 08:27:00,1929.56,1930.79,1930.87,1929.56,80.27
2025-05-08 08:28:00,1930.79,1931.36,1931.69,1930.79,94.21
2025-05-08 08:29:00,1931.34,1930.18,1931.36,1930.09,89.16
2025-05-08 08:30:00,1930.16,1929.35,1930.52,1928.83,54.77
2025-05-08 08:31:00,1929.33,1931.68,1932.0,1929.33,50.22
2025-05-08 08:32:00,1931.68,1932.55,1933.46,1931.18,153.42
2025-05-08 08:33:00,1932.53,1932.3,1932.64,1930.46,52.98
2025-05-08 08:34:00,1932.3,1933.02,1933.49,1932.0,51.79
2025-05-08 08:35:00,1933.02,1933.48,1934.21,1932.49,95.93
2025-05-08 08:36:00,1933.48,1933.97,1934.66,1933.27,230.38
2025-05-08 08:37:00,1933.95,1933.69,1934.06,1933.44,35.61
2025-05-08 08:38:00,1933.67,1933.38,1934.74,1933.37,44.08
2025-05-08 08:39:00,1933.37,1935.23,1935.34,1933.1,233.41
2025-05-08 08:40:00,1935.21,1936.54,1937.41,1934.45,131.46
2025-05-08 08:41:00,1936.49,1936.94,1936.97,1936.0,79.98
2025-05-08 08:42:00,1936.94,1936.44,1936.96,1936.0,89.53
2025-05-08 08:43:00,1936.44,1936.64,1937.41,1936.23,43.89
2025-05-08 08:44:00,1936.67,1936.11,1936.99,1935.22,203.34
2025-05-08 08:45:00,1936.22,1937.4,1937.42,1935.32,77.49
2025-05-08 08:46:00,1937.42,1937.88,1938.49,1937.07,121.88
2025-05-08 08:47:00,1937.91,1938.12,1938.64,1936.96,257.12
2025-05-08 08:48:00,1938.13,1939.08,1941.23,1938.08,652.76
2025-05-08 08:49:00,1939.08,1944.0,1946.17,1939.08,673.12
2025-05-08 08:50:00,1943.84,1937.77,1943.84,1937.51,430.22
2025-05-08 08:51:00,1937.77,1936.82,1940.33,1936.72,187.44
2025-05-08 08:52:00,1936.8,1935.08,1936.8,1934.6,226.62
2025-05-08 08:53:00,1935.08,1936.18,1936.83,1934.31,179.39
2025-05-08 08:54:00,1936.16,1937.02,1937.64,1935.94,98.8
2025-05-08 08:55:00,1937.02,1933.45,1937.1,1932.82,239.97
2025-05-08 08:56:00,1933.43,1933.31,1934.59,1932.87,99.02
2025-05-08 08:57:00,1933.33,1933.73,1933.94,1932.81,159.25
2025-05-08 08:58:00,1933.75,1934.57,1935.1,1933.31,130.79
2025-05-08 08:59:00,1934.36,1934.13,1934.54,1933.33,110.46
2025-05-08 09:00:00,1934.04,1932.59,1935.04,1932.52,123.81
2025-05-08 09:01:00,1932.64,1931.95,1933.02,1931.0,88.76
2025-05-08 09:02:00,1931.95,1930.92,1932.58,1930.52,189.04
2025-05-08 09:03:00,1930.92,1930.89,1931.05,1930.43,88.94
2025-05-08 09:04:00,1930.89,1929.34,1930.96,1929.12,338.24
2025-05-08 09:05:00,1929.34,1931.98,1932.0,1929.0,207.1
2025-05-08 09:06:00,1932.0,1933.38,1934.62,1931.97,116.11
2025-05-08 09:07:00,1933.38,1933.44,1934.16,1933.11,43.4
2025-05-08 09:08:00,1933.44,1933.03,1934.56,1933.0,81.58
2025-05-08 09:09:00,1933.03,1934.38,1934.98,1933.0,66.33
2025-05-08 09:10:00,1934.34,1934.84,1934.93,1933.72,69.4
2025-05-08 09:11:00,1934.8,1934.9,1934.9,1933.56,43.71
2025-05-08 09:12:00,1934.88,1933.78,1934.9,1933.58,435.67
2025-05-08 09:13:00,1933.71,1934.26,1934.28,1933.01,34.83
2025-05-08 09:14:00,1934.26,1935.46,1936.3,1934.26,101.86
2025-05-08 09:15:00,1935.46,1937.76,1938.34,1935.3,237.9
2025-05-08 09:16:00,1937.78,1936.76,1937.86,1936.29,62.67
2025-05-08 09:17:00,1936.76,1936.07,1936.76,1935.54,83.54
2025-05-08 09:18:00,1936.08,1936.48,1937.05,1935.69,391.17
2025-05-08 09:19:00,1936.48,1936.96,1937.0,1936.02,93.24
2025-05-08 09:20:00,1936.91,1937.74,1938.0,1936.71,35.81
2025-05-08 09:21:00,1937.74,1936.71,1937.86,1936.66,175.72
2025-05-08 09:22:00,1936.72,1937.44,1937.62,1936.67,124.91
2025-05-08 09:23:00,1937.42,1938.29,1939.0,1937.25,52.4
2025-05-08 09:24:00,1938.31,1938.44,1940.76,1938.04,142.7
2025-05-08 09:25:00,1938.42,1938.85,1939.91,1938.0,148.56
2025-05-08 09:26:00,1938.87,1938.51,1940.75,1938.34,173.4
2025-05-08 09:27:00,1938.51,1936.64,1939.05,1936.43,143.66
2025-05-08 09:28:00,1936.64,1938.64,1938.78,1936.64,63.78
2025-05-08 09:29:00,1938.62,1940.29,1940.41,1938.62,43.96
2025-05-08 09:30:00,1940.31,1938.53,1940.34,1938.47,92.35
2025-05-08 09:31:00,1938.55,1938.27,1939.68,1938.24,44.42
2025-05-08 09:32:00,1938.29,1933.62,1938.29,1931.54,137.98
2025-05-08 09:33:00,1933.65,1933.01,1934.55,1932.64,113.34
2025-05-08 09:34:00,1932.92,1931.61,1933.69,1931.59,83.84
2025-05-08 09:35:00,1931.61,1933.22,1933.29,1931.44,39.16
2025-05-08 09:36:00,1933.13,1934.11,1934.11,1933.05,38.49
2025-05-08 09:37:00,1934.09,1933.5,1934.47,1933.48,31.52
2025-05-08 09:38:00,1933.5,1932.4,1933.52,1932.16,51.81
2025-05-08 09:39:00,1932.42,1932.43,1933.51,1931.88,67.56
2025-05-08 09:40:00,1932.43,1932.07,1932.81,1932.0,58.83
2025-05-08 09:41:00,1932.05,1933.66,1933.8,1932.05,28.58
2025-05-08 09:42:00,1933.68,1933.73,1934.33,1933.43,54.1
2025-05-08 09:43:00,1933.75,1934.48,1934.67,1933.71,34.34
2025-05-08 09:44:00,1934.46,1934.59,1935.23,1934.46,30.12
2025-05-08 09:45:00,1934.61,1935.24,1935.38,1934.4,25.68
2025-05-08 09:46:00,1935.26,1935.49,1936.0,1935.04,46.57
2025-05-08 09:47:00,1935.51,1935.99,1936.02,1934.71,47.05
2025-05-08 09:48:00,1935.23,1935.93,1935.98,1934.87,43.32
2025-05-08 09:49:00,1935.93,1936.49,1936.64,1935.68,24.58
2025-05-08 09:50:00,1936.49,1935.67,1936.51,1934.83,75.21
2025-05-08 09:51:00,1935.65,1936.75,1937.19,1935.65,50.77
2025-05-08 09:52:00,1936.76,1936.98,1937.45,1936.75,89.15
2025-05-08 09:53:00,1937.01,1937.18,1937.28,1936.83,23.58
2025-05-08 09:54:00,1937.16,1938.85,1939.0,1936.98,145.19
2025-05-08 09:55:00,1938.83,1939.46,1939.58,1938.26,49.39
2025-05-08 09:56:00,1939.48,1937.52,1939.48,1937.38,54.38
2025-05-08 09:57:00,1937.5,1937.85,1938.59,1937.42,54.29
2025-05-08 09:58:00,1937.85,1938.86,1938.98,1937.83,43.63
2025-05-08 09:59:00,1938.81,1940.2,1940.56,1938.27,357.88
2025-05-08 10:00:00,1940.18,1940.39,1945.0,1939.24,363.92
2025-05-08 10:01:00,1940.37,1941.18,1942.54,1940.37,58.46
2025-05-08 10:02:00,1941.17,1939.53,1942.63,1939.53,206.36
2025-05-08 10:03:00,1939.45,1939.71,1940.64,1938.83,64.47
2025-05-08 10:04:00,1939.69,1941.33,1941.91,1939.69,78.0
2025-05-08 10:05:00,1941.33,1942.85,1943.38,1941.28,63.45
2025-05-08 10:06:00,1942.85,1943.19,1943.73,1942.29,172.32
2025-05-08 10:07:00,1943.19,1941.67,1943.55,1941.64,124.55
2025-05-08 10:08:00,1941.67,1941.42,1941.67,1940.53,167.42
2025-05-08 10:09:00,1941.44,1940.68,1942.09,1940.02,148.58
2025-05-08 10:10:00,1940.63,1940.68,1940.69,1939.14,91.89
2025-05-08 10:11:00,1940.68,1938.49,1941.06,1938.16,89.9
2025-05-08 10:12:00,1938.49,1939.62,1939.95,1938.48,138.58
2025-05-08 10:13:00,1939.62,1940.56,1940.71,1938.92,46.67
2025-05-08 10:14:00,1940.58,1939.7,1940.73,1939.25,28.23
2025-05-08 10:15:00,1939.75,1938.55,1940.73,1938.37,44.94
2025-05-08 10:16:00,1938.57,1941.56,1941.68,1938.55,66.2
2025-05-08 10:17:00,1941.56,1943.33,1944.0,1940.72,56.85
2025-05-08 10:18:00,1943.31,1942.93,1944.75,1942.57,152.18
2025-05-08 10:19:00,1942.92,1942.96,1943.56,1942.39,156.41
2025-05-08 10:20:00,1942.95,1942.31,1943.69,1942.26,42.27
2025-05-08 10:21:00,1942.33,1942.75,1943.21,1942.0,44.82
2025-05-08 10:22:00,1942.71,1944.16,1945.71,1942.7,227.17
2025-05-08 10:23:00,1944.21,1944.6,1945.36,1943.81,159.89
2025-05-08 10:24:00,1944.6,1944.48,1944.85,1943.39,48.97
2025-05-08 10:25:00,1944.48,1944.84,1947.44,1944.3,384.72
2025-05-08 10:26:00,1944.83,1945.55,1945.59,1944.47,79.76
2025-05-08 10:27:00,1945.57,1945.98,1946.48,1945.55,120.78
2025-05-08 10:28:00,1945.96,1945.41,1946.61,1945.31,40.34
2025-05-08 10:29:00,1945.36,1947.35,1949.4,1945.33,387.29
2025-05-08 10:30:00,1947.33,1948.89,1949.63,1946.0,295.82
2025-05-08 10:31:00,1948.79,1947.95,1949.53,1947.44,108.34
2025-05-08 10:32:00,1947.95,1947.94,1948.37,1947.02,62.0
2025-05-08 10:33:00,1947.94,1946.31,1950.0,1945.7,460.47
2025-05-08 10:34:00,1946.33,1944.03,1947.64,1943.31,169.28
2025-05-08 10:35:00,1943.96,1943.33,1944.53,1942.55,189.17
2025-05-08 10:36:00,1943.33,1942.89,1944.96,1942.85,144.23
2025-05-08 10:37:00,1942.89,1943.66,1943.82,1942.87,60.56
2025-05-08 10:38:00,1943.7,1944.71,1944.96,1943.7,151.63
2025-05-08 10:39:00,1944.71,1944.8,1944.83,1943.87,116.22
2025-05-08 10:40:00,1944.8,1944.27,1944.91,1943.97,363.38
2025-05-08 10:41:00,1944.29,1944.39,1945.64,1944.2,81.34
2025-05-08 10:42:00,1944.39,1943.58,1944.51,1943.43,153.19
2025-05-08 10:43:00,1943.6,1943.97,1944.5,1943.52,107.64
2025-05-08 10:44:00,1943.97,1945.14,1945.3,1943.95,56.74
2025-05-08 10:45:00,1945.12,1947.58,1947.64,1945.06,189.33
2025-05-08 10:46:00,1947.6,1948.21,1949.07,1947.58,150.06
2025-05-08 10:47:00,1948.21,1948.85,1949.16,1947.99,110.8
2025-05-08 10:48:00,1948.83,1949.05,1949.75,1948.25,191.0
2025-05-08 10:49:00,1949.04,1951.74,1956.35,1948.9,871.8
2025-05-08 10:50:00,1951.72,1951.68,1953.39,1950.04,365.66
2025-05-08 10:51:00,1951.52,1951.72,1953.94,1950.26,228.77
2025-05-08 10:52:00,1951.74,1952.2,1953.5,1951.37,95.05
2025-05-08 10:53:00,1952.2,1952.01,1952.28,1951.05,58.69
2025-05-08 10:54:00,1952.01,1952.29,1953.21,1951.67,111.95
2025-05-08 10:55:00,1952.31,1958.92,1964.4,1952.31,1400.3
2025-05-08 10:56:00,1958.89,1961.23,1967.74,1958.76,852.59
2025-05-08 10:57:00,1961.17,1962.87,1964.96,1960.38,632.03
2025-05-08 10:58:00,1962.86,1961.73,1966.59,1961.71,341.98
2025-05-08 10:59:00,1961.71,1960.11,1961.89,1959.98,216.02
2025-05-08 11:00:00,1960.12,1958.85,1960.63,1958.29,303.69
2025-05-08 11:01:00,1958.85,1955.62,1959.67,1954.45,607.48
2025-05-08 11:02:00,1955.65,1954.09,1955.69,1953.17,161.65
2025-05-08 11:03:00,1954.08,1955.89,1957.6,1953.29,195.64
2025-05-08 11:04:00,1955.87,1955.06,1956.2,1954.27,95.49
2025-05-08 11:05:00,1955.08,1953.9,1955.08,1953.2,530.84
2025-05-08 11:06:00,1953.9,1952.51,1954.8,1951.51,254.21
2025-05-08 11:07:00,1952.49,1952.0,1952.49,1950.83,148.51
2025-05-08 11:08:00,1951.81,1951.92,1952.0,1951.39,50.97
2025-05-08 11:09:00,1951.94,1952.61,1953.6,1951.87,195.36
2025-05-08 11:10:00,1952.61,1954.4,1954.5,1952.43,143.16
2025-05-08 11:11:00,1954.4,1956.41,1957.38,1954.4,399.77
2025-05-08 11:12:00,1956.44,1955.33,1956.75,1955.17,72.06
2025-05-08 11:13:00,1955.33,1953.82,1955.39,1953.69,202.17
2025-05-08 11:14:00,1953.84,1953.73,1954.46,1953.31,360.97
2025-05-08 11:15:00,1953.73,1953.51,1953.73,1952.6,116.5
2025-05-08 11:16:00,1953.53,1955.01,1955.38,1953.43,163.42
2025-05-08 11:17:00,1955.01,1955.87,1956.58,1954.91,190.14
2025-05-08 11:18:00,1955.85,1954.39,1956.17,1954.39,105.67
2025-05-08 11:19:00,1954.31,1952.36,1954.79,1952.11,63.86
2025-05-08 11:20:00,1952.34,1948.12,1952.74,1946.89,470.92
2025-05-08 11:21:00,1948.25,1948.05,1949.34,1948.01,303.35
2025-05-08 11:22:00,1948.11,1947.97,1948.12,1946.86,272.46
2025-05-08 11:23:00,1947.97,1946.75,1948.0,1946.5,322.86
2025-05-08 11:24:00,1946.75,1948.87,1949.23,1946.5,87.43
2025-05-08 11:25:00,1948.87,1948.93,1949.05,1948.65,45.52
2025-05-08 11:26:00,1948.91,1950.24,1950.52,1948.48,114.15
2025-05-08 11:27:00,1950.22,1949.2,1950.25,1948.71,136.92
2025-05-08 11:28:00,1949.22,1947.73,1949.55,1947.19,384.35
2025-05-08 11:29:00,1947.76,1947.11,1948.18,1946.99,333.03
2025-05-08 11:30:00,1947.05,1947.2,1948.55,1947.05,202.49
2025-05-08 11:31:00,1947.2,1947.34,1949.12,1946.91,65.15
2025-05-08 11:32:00,1947.34,1947.99,1948.04,1947.16,53.8
2025-05-08 11:33:00,1947.99,1946.3,1948.03,1945.22,87.26
2025-05-08 11:34:00,1946.3,1944.43,1946.98,1944.43,314.28
2025-05-08 11:35:00,1944.44,1948.09,1948.46,1944.44,122.26
2025-05-08 11:36:00,1948.09,1949.83,1950.47,1948.07,65.34
2025-05-08 11:37:00,1949.83,1949.37,1949.95,1949.09,73.01
2025-05-08 11:38:00,1949.25,1949.49,1949.73,1948.84,33.68
2025-05-08 11:39:00,1949.47,1950.22,1950.38,1949.47,106.67
2025-05-08 11:40:00,1950.25,1950.89,1950.91,1950.12,90.16
2025-05-08 11:41:00,1950.89,1952.37,1953.38,1950.59,129.81
2025-05-08 11:42:00,1952.37,1951.35,1953.05,1951.27,94.58
2025-05-08 11:43:00,1951.35,1950.33,1951.91,1950.33,82.85
2025-05-08 11:44:00,1950.33,1951.07,1951.18,1949.87,107.79
2025-05-08 11:45:00,1951.07,1951.52,1952.5,1951.06,80.97
2025-05-08 11:46:00,1951.5,1952.88,1953.25,1950.66,241.78
2025-05-08 11:47:00,1952.88,1952.34,1953.2,1952.19,118.49
2025-05-08 11:48:00,1952.36,1952.48,1952.67,1951.43,32.52
2025-05-08 11:49:00,1952.48,1952.47,1953.15,1951.82,104.13
2025-05-08 11:50:00,1952.47,1954.54,1954.54,1952.45,152.54
2025-05-08 11:51:00,1954.52,1954.64,1956.0,1953.87,58.08
2025-05-08 11:52:00,1954.64,1955.28,1956.46,1954.48,560.94
2025-05-08 11:53:00,1955.3,1954.27,1955.3,1953.78,198.19
2025-05-08 11:54:00,1954.27,1954.86,1955.48,1953.5,235.09
2025-05-08 11:55:00,1954.9,1954.92,1955.56,1954.75,38.21
2025-05-08 11:56:00,1954.95,1954.99,1955.1,1954.63,56.65
2025-05-08 11:57:00,1954.99,1955.48,1955.67,1954.2,67.27
2025-05-08 11:58:00,1955.44,1955.99,1956.0,1955.42,51.18
2025-05-08 11:59:00,1955.99,1956.69,1958.25,1955.99,379.01
2025-05-08 12:00:00,1956.69,1958.06,1958.4,1956.67,129.51
2025-05-08 12:01:00,1958.04,1957.11,1959.34,1956.42,812.56
2025-05-08 12:02:00,1957.01,1958.46,1958.46,1955.73,181.13
2025-05-08 12:03:00,1958.48,1956.39,1960.55,1956.22,1011.95
2025-05-08 12:04:00,1956.41,1958.61,1958.96,1956.41,134.49
2025-05-08 12:05:00,1958.61,1959.32,1959.74,1958.61,60.95
2025-05-08 12:06:00,1959.27,1958.86,1959.69,1958.12,53.48
2025-05-08 12:07:00,1958.72,1957.22,1958.72,1956.27,1448.29
2025-05-08 12:08:00,1957.22,1958.73,1958.83,1957.22,102.74
2025-05-08 12:09:00,1958.73,1956.59,1958.73,1956.52,93.0
2025-05-08 12:10:00,1956.59,1957.95,1958.12,1956.59,36.3
2025-05-08 12:11:00,1957.95,1958.62,1958.85,1957.7,32.49
2025-05-08 12:12:00,1958.62,1963.89,1964.07,1958.6,266.99
2025-05-08 12:13:00,1963.89,1962.04,1963.99,1961.84,193.03
2025-05-08 12:14:00,1962.06,1959.54,1962.07,1959.52,478.74
2025-05-08 12:15:00,1959.52,1960.28,1960.84,1959.51,68.8
2025-05-08 12:16:00,1960.33,1961.6,1961.6,1960.18,195.05
2025-05-08 12:17:00,1961.64,1962.8,1964.08,1961.44,106.77
2025-05-08 12:18:00,1962.82,1967.47,1973.63,1962.8,1299.94
2025-05-08 12:19:00,1967.49,1968.8,1971.0,1966.99,483.04
2025-05-08 12:20:00,1968.84,1972.46,1975.37,1968.52,633.99
2025-05-08 12:21:00,1972.48,1970.04,1976.43,1969.68,1226.97
2025-05-08 12:22:00,1969.9,1966.24,1972.47,1966.08,355.99
2025-05-08 12:23:00,1966.29,1967.82,1968.37,1966.29,149.35
2025-05-08 12:24:00,1967.82,1968.26,1969.3,1967.62,481.42
2025-05-08 12:25:00,1968.24,1965.26,1968.48,1963.78,381.24
2025-05-08 12:26:00,1965.28,1965.48,1966.66,1965.06,147.55
2025-05-08 12:27:00,1965.5,1965.0,1966.17,1964.29,61.61
2025-05-08 12:28:00,1964.98,1964.66,1966.2,1964.65,133.65
2025-05-08 12:29:00,1964.65,1966.79,1966.81,1964.65,135.63
2025-05-08 12:30:00,1966.79,1967.96,1968.54,1966.61,81.79
2025-05-08 12:31:00,1967.98,1967.85,1968.09,1965.13,91.95
2025-05-08 12:32:00,1967.75,1969.32,1970.55,1967.36,308.07
2025-05-08 12:33:00,1969.48,1971.91,1972.47,1968.01,310.93
2025-05-08 12:34:00,1971.91,1970.75,1972.4,1970.03,226.96
2025-05-08 12:35:00,1970.75,1964.97,1970.77,1964.96,108.7
2025-05-08 12:36:00,1964.95,1961.28,1964.95,1961.26,556.19
2025-05-08 12:37:00,1961.27,1959.88,1961.74,1957.62,469.56
2025-05-08 12:38:00,1959.9,1953.95,1960.15,1953.74,427.2
2025-05-08 12:39:00,1953.87,1955.21,1957.86,1953.7,365.18
2025-05-08 12:40:00,1955.32,1956.43,1957.3,1953.65,214.08
2025-05-08 12:41:00,1956.41,1957.09,1957.5,1954.94,74.01
2025-05-08 12:42:00,1957.03,1959.35,1961.0,1957.03,278.02
2025-05-08 12:43:00,1959.41,1957.18,1959.84,1957.04,33.31
2025-05-08 12:44:00,1957.18,1957.64,1958.11,1956.7,81.38
2025-05-08 12:45:00,1957.66,1960.31,1960.31,1957.17,162.66
2025-05-08 12:46:00,1960.29,1960.02,1960.95,1959.76,117.35
2025-05-08 12:47:00,1960.0,1960.99,1961.0,1959.67,70.97
2025-05-08 12:48:00,1960.97,1962.99,1964.25,1960.89,231.13
2025-05-08 12:49:00,1962.97,1963.9,1964.13,1962.27,177.33
2025-05-08 12:50:00,1963.9,1964.39,1965.26,1963.43,218.24
2025-05-08 12:51:00,1964.39,1963.89,1964.76,1963.56,138.42
2025-05-08 12:52:00,1963.91,1964.5,1964.95,1963.57,185.29
2025-05-08 12:53:00,1964.5,1962.83,1964.53,1962.76,132.01
2025-05-08 12:54:00,1962.83,1962.25,1962.83,1961.9,100.53
2025-05-08 12:55:00,1962.11,1961.36,1962.43,1960.7,121.17
2025-05-08 12:56:00,1961.36,1960.0,1961.96,1960.0,98.84
2025-05-08 12:57:00,1959.7,1958.62,1959.72,1958.0,180.43
2025-05-08 12:58:00,1958.62,1959.53,1959.64,1958.29,110.25
2025-05-08 12:59:00,1959.55,1958.91,1959.55,1958.81,37.69
2025-05-08 13:00:00,1958.91,1961.23,1961.32,1958.85,136.08
2025-05-08 13:01:00,1961.22,1963.7,1964.0,1961.02,212.33
2025-05-08 13:02:00,1963.68,1966.94,1968.67,1963.67,377.63
2025-05-08 13:03:00,1966.94,1966.52,1967.69,1966.46,142.8
2025-05-08 13:04:00,1966.52,1966.25,1966.97,1965.38,92.01
2025-05-08 13:05:00,1966.25,1964.84,1966.8,1963.61,109.39
2025-05-08 13:06:00,1964.79,1963.44,1966.46,1963.31,118.28
2025-05-08 13:07:00,1963.46,1966.04,1966.05,1963.38,157.49
2025-05-08 13:08:00,1966.08,1967.0,1967.0,1964.88,175.96
2025-05-08 13:09:00,1966.99,1966.47,1967.33,1965.93,214.79
2025-05-08 13:10:00,1966.47,1966.96,1969.13,1966.13,244.91
2025-05-08 13:11:00,1966.96,1965.86,1967.72,1965.19,194.29
2025-05-08 13:12:00,1965.84,1966.75,1967.43,1965.23,49.12
2025-05-08 13:13:00,1966.75,1965.7,1966.77,1965.69,30.17
2025-05-08 13:14:00,1965.66,1965.36,1966.29,1965.08,116.94
2025-05-08 13:15:00,1965.36,1966.39,1967.36,1965.23,181.65
2025-05-08 13:16:00,1966.41,1966.43,1966.69,1964.78,114.33
2025-05-08 13:17:00,1966.41,1967.59,1967.59,1965.13,100.89
2025-05-08 13:18:00,1967.57,1966.44,1969.01,1966.44,287.7
2025-05-08 13:19:00,1966.41,1966.76,1967.38,1965.98,113.39
2025-05-08 13:20:00,1966.76,1967.0,1968.74,1966.47,33.44
2025-05-08 13:21:00,1967.01,1965.36,1967.01,1965.36,65.42
2025-05-08 13:22:00,1965.36,1966.24,1966.79,1965.36,89.79
2025-05-08 13:23:00,1966.16,1965.34,1966.3,1965.24,506.11
2025-05-08 13:24:00,1965.34,1968.18,1969.58,1965.29,145.47
2025-05-08 13:25:00,1968.18,1968.68,1969.61,1968.18,121.33
2025-05-08 13:26:00,1968.68,1969.86,1970.09,1968.38,260.06
2025-05-08 13:27:00,1969.86,1966.55,1969.88,1966.12,131.14
2025-05-08 13:28:00,1966.57,1965.78,1967.23,1965.78,141.99
2025-05-08 13:29:00,1965.8,1966.84,1966.88,1965.71,32.46
2025-05-08 13:30:00,1966.82,1969.88,1970.0,1966.47,90.02
2025-05-08 13:31:00,1969.88,1972.79,1973.88,1969.58,981.49
2025-05-08 13:32:00,1972.65,1967.67,1972.65,1966.02,275.87
2025-05-08 13:33:00,1967.69,1970.58,1971.5,1967.67,107.62
2025-05-08 13:34:00,1970.63,1970.48,1973.19,1970.02,183.92
2025-05-08 13:35:00,1970.45,1974.99,1975.95,1969.93,407.28
2025-05-08 13:36:00,1975.01,1983.64,1984.05,1974.6,2285.84
2025-05-08 13:37:00,1983.71,1978.2,1983.78,1976.69,774.23
2025-05-08 13:38:00,1978.21,1967.5,1978.23,1966.01,663.54
2025-05-08 13:39:00,1967.65,1967.4,1970.78,1966.85,340.74
2025-05-08 13:40:00,1967.46,1970.19,1970.54,1964.89,333.02
2025-05-08 13:41:00,1970.17,1969.25,1970.19,1966.68,211.17
2025-05-08 13:42:00,1969.27,1967.28,1972.22,1967.28,353.77
2025-05-08 13:43:00,1967.21,1970.11,1970.67,1967.21,93.8
2025-05-08 13:44:00,1970.11,1970.11,1970.74,1969.44,91.52
2025-05-08 13:45:00,1970.11,1970.25,1970.67,1968.94,495.6
2025-05-08 13:46:00,1970.25,1967.21,1970.25,1967.2,119.72
2025-05-08 13:47:00,1967.23,1966.99,1968.14,1965.57,289.89
2025-05-08 13:48:00,1967.01,1964.4,1967.03,1963.74,943.47
2025-05-08 13:49:00,1964.55,1965.28,1965.33,1962.0,146.57
2025-05-08 13:50:00,1965.3,1968.37,1968.97,1964.88,122.54
2025-05-08 13:51:00,1968.46,1973.59,1974.24,1968.46,411.56
2025-05-08 13:52:00,1973.68,1970.1,1974.83,1969.85,240.02
2025-05-08 13:53:00,1970.19,1972.12,1972.49,1968.89,96.65
2025-05-08 13:54:00,1972.03,1972.15,1973.49,1971.81,107.55
2025-05-08 13:55:00,1972.13,1975.53,1975.71,1970.93,204.03
2025-05-08 13:56:00,1975.41,1976.54,1979.0,1975.05,526.08
2025-05-08 13:57:00,1976.54,1977.03,1977.05,1974.03,113.21
2025-05-08 13:58:00,1977.03,1973.51,1977.05,1973.01,263.62
2025-05-08 13:59:00,1973.58,1975.22,1975.25,1972.71,229.38
2025-05-08 14:00:00,1975.2,1977.21,1978.11,1973.9,244.93
2025-05-08 14:01:00,1977.21,1975.83,1977.73,1975.67,143.1
2025-05-08 14:02:00,1975.96,1979.19,1979.83,1975.65,162.81
2025-05-08 14:03:00,1979.21,1979.23,1981.01,1978.54,215.7
2025-05-08 14:04:00,1979.21,1980.81,1982.0,1979.1,270.35
2025-05-08 14:05:00,1980.81,1977.09,1980.81,1976.0,136.02
2025-05-08 14:06:00,1977.04,1978.12,1978.43,1975.61,93.96
2025-05-08 14:07:00,1978.14,1977.1,1978.14,1975.5,57.46
2025-05-08 14:08:00,1977.1,1973.82,1977.1,1971.74,151.35
2025-05-08 14:09:00,1973.83,1974.41,1974.73,1971.06,317.24
2025-05-08 14:10:00,1974.39,1976.42,1977.6,1973.42,115.32
2025-05-08 14:11:00,1976.44,1971.95,1978.16,1971.65,143.91
2025-05-08 14:12:00,1971.95,1969.96,1972.95,1968.08,292.82
2025-05-08 14:13:00,1969.98,1971.14,1972.43,1969.22,152.47
2025-05-08 14:14:00,1971.14,1970.35,1971.16,1969.22,170.96
2025-05-08 14:15:00,1970.35,1972.11,1972.24,1969.67,91.19
2025-05-08 14:16:00,1972.11,1972.15,1972.42,1970.13,98.37
2025-05-08 14:17:00,1972.15,1973.72,1973.73,1971.17,75.36
2025-05-08 14:18:00,1973.72,1970.97,1974.44,1970.93,282.07
2025-05-08 14:19:00,1971.0,1973.12,1973.17,1970.58,112.94
2025-05-08 14:20:00,1973.26,1974.68,1974.99,1972.97,222.64
2025-05-08 14:21:00,1974.7,1976.58,1976.85,1974.58,532.2
2025-05-08 14:22:00,1976.58,1976.96,1978.4,1976.49,389.45
2025-05-08 14:23:00,1976.94,1977.49,1979.87,1976.2,94.04
2025-05-08 14:24:00,1977.47,1977.17,1977.47,1975.89,78.42
2025-05-08 14:25:00,1977.19,1978.69,1979.76,1976.94,243.62
2025-05-08 14:26:00,1978.75,1978.63,1979.54,1978.37,51.05
2025-05-08 14:27:00,1978.65,1978.41,1979.34,1978.13,77.48
2025-05-08 14:28:00,1978.01,1976.29,1978.02,1975.06,187.58
2025-05-08 14:29:00,1976.27,1978.72,1978.72,1976.23,85.44
2025-05-08 14:30:00,1978.82,1980.0,1980.03,1978.51,94.09
2025-05-08 14:31:00,1979.98,1982.78,1983.54,1979.96,367.2
2025-05-08 14:32:00,1982.78,1989.37,1992.9,1982.78,2690.33
2025-05-08 14:33:00,1989.31,1993.79,1993.84,1987.95,652.29
2025-05-08 14:34:00,1993.75,1989.98,1995.0,1989.86,820.19
2025-05-08 14:35:00,1989.98,1986.05,1992.3,1986.03,266.1
2025-05-08 14:36:00,1986.08,1985.96,1987.67,1985.17,271.73
2025-05-08 14:37:00,1985.94,1986.17,1986.6,1982.8,404.94
2025-05-08 14:38:00,1986.08,1985.88,1986.49,1984.46,406.03
2025-05-08 14:39:00,1985.88,1983.69,1988.57,1983.59,416.88
2025-05-08 14:40:00,1983.67,1983.96,1983.99,1981.61,316.25
2025-05-08 14:41:00,1983.98,1985.82,1986.26,1982.93,224.93
2025-05-08 14:42:00,1985.82,1984.2,1985.84,1983.51,621.35
2025-05-08 14:43:00,1984.23,1982.79,1985.82,1982.72,166.14
2025-05-08 14:44:00,1982.79,1985.59,1986.0,1981.73,312.42
2025-05-08 14:45:00,1985.57,1986.36,1987.8,1985.47,248.37
2025-05-08 14:46:00,1986.36,1987.89,1988.02,1984.23,103.53
2025-05-08 14:47:00,1987.65,1988.43,1991.16,1987.03,288.52
2025-05-08 14:48:00,1988.35,1993.63,1994.93,1987.09,490.75
2025-05-08 14:49:00,1993.61,1995.73,1998.77,1993.12,1289.0
2025-05-08 14:50:00,1995.7,2001.71,2003.3,1992.11,1495.35
2025-05-08 14:51:00,2001.6,2004.8,2009.89,1999.99,2466.24
2025-05-08 14:52:00,2004.8,2000.58,2005.23,1998.68,1011.07
2025-05-08 14:53:00,2000.63,1998.06,2002.78,1997.29,560.51
2025-05-08 14:54:00,1998.08,1994.26,1998.44,1992.23,676.92
2025-05-08 14:55:00,1994.28,1988.8,1994.81,1987.35,775.13
2025-05-08 14:56:00,1988.79,1987.1,1992.11,1986.88,321.08
2025-05-08 14:57:00,1987.5,1992.17,1992.92,1986.8,485.34
2025-05-08 14:58:00,1992.33,1992.24,1994.1,1991.11,506.55
2025-05-08 14:59:00,1992.23,1988.45,1995.6,1988.19,493.99
2025-05-08 15:00:00,1988.45,1989.12,1990.75,1986.53,400.69
2025-05-08 15:01:00,1988.96,1992.1,1992.35,1987.82,229.84
2025-05-08 15:02:00,1992.1,1992.41,1993.5,1990.92,276.19
2025-05-08 15:03:00,1992.39,1990.28,1993.27,1988.13,176.85
2025-05-08 15:04:00,1990.18,1989.33,1991.38,1988.13,275.52
2025-05-08 15:05:00,1989.28,1993.25,1993.89,1988.0,249.63
2025-05-08 15:06:00,1993.27,1996.63,1997.39,1992.53,222.06
2025-05-08 15:07:00,1996.57,1998.69,1999.84,1996.57,509.22
2025-05-08 15:08:00,1998.69,1999.37,1999.78,1998.3,136.97
2025-05-08 15:09:00,1998.83,2005.62,2006.92,1998.15,606.08
2025-05-08 15:10:00,2005.44,2003.37,2006.25,2001.37,586.69
2025-05-08 15:11:00,2003.37,2003.2,2006.32,2002.61,505.13
2025-05-08 15:12:00,2003.22,2000.88,2003.22,2000.12,438.28
2025-05-08 15:13:00,2000.88,2002.44,2002.44,1998.0,425.6
2025-05-08 15:14:00,2002.44,2001.93,2003.99,2000.68,205.61
2025-05-08 15:15:00,2001.84,1999.41,2001.94,1999.24,289.49
2025-05-08 15:16:00,1999.48,2001.06,2001.76,1998.24,235.8
2025-05-08 15:17:00,2001.08,2001.6,2003.98,2001.03,301.54
2025-05-08 15:18:00,2001.6,2001.22,2002.12,2000.26,255.0
2025-05-08 15:19:00,2001.22,2003.8,2003.98,2000.32,234.88
2025-05-08 15:20:00,2003.88,2009.71,2009.84,2003.25,740.82
2025-05-08 15:21:00,2009.58,2002.29,2015.0,2001.19,2748.82
2025-05-08 15:22:00,2002.24,2006.82,2007.5,2002.01,536.15
2025-05-08 15:23:00,2006.73,2007.84,2009.76,2005.0,538.78
2025-05-08 15:24:00,2007.87,2020.08,2027.27,2007.44,3329.05
2025-05-08 15:25:00,2020.3,2016.96,2021.62,2015.88,1115.32
2025-05-08 15:26:00,2016.94,2021.04,2024.59,2016.94,1181.38
2025-05-08 15:27:00,2021.17,2023.16,2024.51,2020.27,951.84
2025-05-08 15:28:00,2023.33,2029.07,2031.24,2023.18,1727.67
2025-05-08 15:29:00,2028.97,2020.14,2028.97,2020.0,721.89
2025-05-08 15:30:00,2020.0,2020.56,2021.83,2012.12,1197.85
2025-05-08 15:31:00,2020.31,2019.34,2021.01,2015.78,462.07
2025-05-08 15:32:00,2019.34,2020.51,2025.74,2019.29,723.57
2025-05-08 15:33:00,2020.57,2021.09,2024.57,2020.08,201.1
2025-05-08 15:34:00,2021.07,2020.53,2022.0,2018.38,318.77
2025-05-08 15:35:00,2020.43,2023.47,2024.54,2020.16,542.69
2025-05-08 15:36:00,2023.45,2023.02,2024.85,2022.12,436.22
2025-05-08 15:37:00,2022.99,2025.15,2025.78,2022.2,207.4
2025-05-08 15:38:00,2025.13,2027.9,2032.55,2024.93,1083.89
2025-05-08 15:39:00,2027.92,2042.29,2042.91,2027.92,1923.05
2025-05-08 15:40:00,2042.05,2045.06,2048.93,2041.26,2690.67
2025-05-08 15:41:00,2045.25,2055.14,2057.95,2042.86,2508.61
2025-05-08 15:42:00,2054.69,2070.3,2072.58,2052.34,4495.08
2025-05-08 15:43:00,2070.26,2065.72,2074.68,2060.5,2934.52
2025-05-08 15:44:00,2065.87,2057.37,2066.78,2054.0,1226.14
2025-05-08 15:45:00,2057.37,2053.99,2061.11,2050.25,3380.69
2025-05-08 15:46:00,2053.99,2057.4,2061.49,2051.82,834.67
2025-05-08 15:47:00,2057.4,2054.89,2057.45,2053.18,679.08
2025-05-08 15:48:00,2054.95,2064.34,2066.72,2054.78,914.94
2025-05-08 15:49:00,2064.34,2058.32,2065.17,2056.53,355.75
2025-05-08 15:50:00,2058.5,2061.96,2063.66,2057.37,357.41
2025-05-08 15:51:00,2061.94,2060.29,2063.0,2057.0,201.67
2025-05-08 15:52:00,2060.27,2042.24,2060.57,2040.64,3090.96
2025-05-08 15:53:00,2042.15,2042.21,2042.53,2030.94,1701.71
2025-05-08 15:54:00,2042.03,2040.99,2042.16,2039.09,359.44
2025-05-08 15:55:00,2040.91,2041.42,2041.42,2035.9,420.54
2025-05-08 15:56:00,2041.4,2043.84,2043.84,2037.68,420.95
2025-05-08 15:57:00,2043.7,2047.12,2051.39,2043.6,904.43
2025-05-08 15:58:00,2047.16,2049.67,2053.81,2046.88,421.09
2025-05-08 15:59:00,2049.66,2050.55,2053.53,2049.16,302.07
2025-05-08 16:00:00,2050.57,2055.83,2058.34,2050.47,418.7
2025-05-08 16:01:00,2055.57,2048.67,2056.5,2045.49,1071.66
2025-05-08 16:02:00,2048.78,2046.8,2049.09,2044.79,432.44
2025-05-08 16:03:00,2046.8,2043.74,2048.06,2042.13,334.43
2025-05-08 16:04:00,2043.74,2041.09,2044.71,2040.75,261.42
2025-05-08 16:05:00,2041.11,2045.07,2047.4,2041.02,239.85
2025-05-08 16:06:00,2045.09,2050.48,2051.26,2045.09,212.15
2025-05-08 16:07:00,2050.46,2047.57,2051.48,2047.2,255.09
2025-05-08 16:08:00,2047.57,2048.43,2049.08,2046.08,552.35
2025-05-08 16:09:00,2048.4,2052.77,2052.82,2048.1,226.64
2025-05-08 16:10:00,2052.78,2055.06,2056.89,2052.73,402.12
2025-05-08 16:11:00,2055.02,2049.4,2055.02,2048.81,353.17
2025-05-08 16:12:00,2049.4,2052.75,2054.68,2048.84,198.42
2025-05-08 16:13:00,2052.75,2054.48,2055.0,2051.73,95.79
2025-05-08 16:14:00,2054.5,2054.02,2055.0,2052.33,169.9
2025-05-08 16:15:00,2054.08,2059.88,2061.29,2054.08,963.35
2025-05-08 16:16:00,2059.85,2062.24,2065.33,2057.35,998.34
2025-05-08 16:17:00,2062.34,2055.17,2063.18,2054.25,504.4
2025-05-08 16:18:00,2055.15,2054.05,2055.65,2052.7,676.6
2025-05-08 16:19:00,2054.05,2058.52,2060.72,2053.86,217.08
2025-05-08 16:20:00,2058.5,2058.75,2060.86,2058.15,163.54
2025-05-08 16:21:00,2058.78,2053.17,2059.28,2052.66,174.26
2025-05-08 16:22:00,2053.28,2052.62,2056.26,2052.6,193.22
2025-05-08 16:23:00,2052.72,2055.15,2057.81,2052.68,193.79
2025-05-08 16:24:00,2055.18,2052.92,2055.26,2051.32,109.19
2025-05-08 16:25:00,2052.95,2049.85,2053.3,2047.48,367.6
2025-05-08 16:26:00,2049.92,2047.21,2049.92,2046.02,488.63
2025-05-08 16:27:00,2047.21,2045.31,2047.88,2044.52,165.61
2025-05-08 16:28:00,2045.33,2045.79,2047.12,2043.2,675.61
2025-05-08 16:29:00,2045.85,2041.86,2045.97,2041.29,431.82
2025-05-08 16:30:00,2041.87,2043.01,2043.83,2039.28,325.91
2025-05-08 16:31:00,2042.99,2042.45,2044.42,2041.69,448.15
2025-05-08 16:32:00,2042.43,2037.64,2042.73,2037.64,450.36
2025-05-08 16:33:00,2037.75,2039.74,2041.6,2035.89,405.39
2025-05-08 16:34:00,2039.75,2044.6,2044.62,2039.74,387.03
2025-05-08 16:35:00,2044.6,2046.83,2046.86,2043.11,319.24
2025-05-08 16:36:00,2046.87,2047.16,2048.51,2045.37,415.45
2025-05-08 16:37:00,2047.18,2049.4,2049.8,2046.49,354.08
2025-05-08 16:38:00,2049.43,2048.31,2050.73,2048.17,261.55
2025-05-08 16:39:00,2048.31,2049.49,2050.38,2048.17,224.97
2025-05-08 16:40:00,2049.47,2047.64,2049.86,2047.38,73.48
2025-05-08 16:41:00,2047.62,2047.23,2048.04,2046.65,167.77
2025-05-08 16:42:00,2047.21,2044.47,2047.97,2044.43,255.44
2025-05-08 16:43:00,2044.47,2047.86,2048.62,2044.22,343.41
2025-05-08 16:44:00,2047.86,2047.65,2048.52,2046.76,36.23
2025-05-08 16:45:00,2047.65,2046.76,2047.72,2045.33,379.46
2025-05-08 16:46:00,2046.78,2044.77,2046.99,2044.68,179.34
2025-05-08 16:47:00,2044.56,2044.98,2044.98,2042.34,193.15
2025-05-08 16:48:00,2044.96,2047.87,2047.9,2044.96,144.69
2025-05-08 16:49:00,2047.78,2049.41,2049.53,2047.23,89.31
2025-05-08 16:50:00,2049.41,2052.23,2052.32,2049.39,269.78
2025-05-08 16:51:00,2052.33,2053.07,2054.12,2052.09,412.16
2025-05-08 16:52:00,2053.05,2050.24,2053.07,2050.24,396.63
2025-05-08 16:53:00,2050.2,2050.04,2051.1,2049.05,42.36
2025-05-08 16:54:00,2050.02,2050.67,2051.32,2049.2,248.84
2025-05-08 16:55:00,2050.7,2048.49,2051.42,2047.51,228.58
2025-05-08 16:56:00,2048.49,2047.31,2048.83,2046.53,106.43
2025-05-08 16:57:00,2047.33,2047.62,2047.62,2046.24,353.47
2025-05-08 16:58:00,2047.35,2047.33,2048.37,2046.51,111.24
2025-05-08 16:59:00,2047.44,2049.79,2049.79,2047.35,269.25
2025-05-08 17:00:00,2049.77,2046.45,2049.77,2046.45,55.52
2025-05-08 17:01:00,2046.5,2045.57,2048.7,2044.35,383.67
2025-05-08 17:02:00,2045.67,2042.72,2046.0,2042.1,176.2
2025-05-08 17:03:00,2042.81,2043.46,2046.47,2042.79,77.88
2025-05-08 17:04:00,2043.44,2045.72,2045.8,2043.44,45.95
2025-05-08 17:05:00,2045.72,2046.15,2046.56,2044.26,37.98
2025-05-08 17:06:00,2046.25,2049.51,2051.11,2046.25,101.12
2025-05-08 17:07:00,2049.93,2051.33,2052.16,2049.4,326.02
2025-05-08 17:08:00,2051.27,2048.25,2051.34,2047.71,48.63
2025-05-08 17:09:00,2048.41,2045.31,2049.56,2045.0,46.51
2025-05-08 17:10:00,2045.29,2048.36,2048.36,2044.84,39.01
2025-05-08 17:11:00,2048.36,2046.35,2048.53,2045.61,103.86
2025-05-08 17:12:00,2046.37,2046.38,2046.41,2044.54,64.05
2025-05-08 17:13:00,2046.38,2047.67,2047.67,2045.31,23.23
2025-05-08 17:14:00,2047.79,2046.75,2047.95,2046.59,23.75
2025-05-08 17:15:00,2046.77,2048.39,2048.4,2046.77,45.75
2025-05-08 17:16:00,2048.4,2046.36,2049.23,2045.67,371.95
2025-05-08 17:17:00,2046.34,2049.32,2049.37,2045.96,81.14
2025-05-08 17:18:00,2049.35,2049.13,2049.6,2047.74,114.17
2025-05-08 17:19:00,2049.16,2049.73,2050.37,2048.85,219.64
2025-05-08 17:20:00,2049.73,2048.0,2050.99,2047.29,77.51
2025-05-08 17:21:00,2048.0,2045.34,2048.02,2045.32,109.57
2025-05-08 17:22:00,2045.5,2047.76,2048.71,2045.5,128.6
2025-05-08 17:23:00,2047.76,2048.43,2049.77,2047.76,39.71
2025-05-08 17:24:00,2048.43,2050.57,2050.73,2048.31,125.1
2025-05-08 17:25:00,2050.57,2050.12,2050.62,2047.35,162.36
2025-05-08 17:26:00,2050.12,2049.64,2051.81,2049.44,245.59
2025-05-08 17:27:00,2049.54,2049.13,2049.54,2048.0,146.07
2025-05-08 17:28:00,2049.13,2056.21,2056.68,2049.13,293.42
2025-05-08 17:29:00,2056.24,2048.05,2056.24,2048.0,186.86
2025-05-08 17:30:00,2048.01,2051.13,2051.15,2048.0,85.57
2025-05-08 17:31:00,2051.13,2047.03,2051.32,2046.33,239.48
2025-05-08 17:32:00,2047.01,2047.65,2050.0,2046.88,53.71
2025-05-08 17:33:00,2047.65,2046.85,2048.87,2044.0,384.94
2025-05-08 17:34:00,2046.83,2044.81,2046.92,2044.47,72.23
2025-05-08 17:35:00,2044.79,2042.3,2045.1,2041.95,441.98
2025-05-08 17:36:00,2042.52,2043.48,2044.39,2042.52,77.31
2025-05-08 17:37:00,2043.48,2045.29,2046.47,2043.46,75.26
2025-05-08 17:38:00,2045.27,2046.26,2046.49,2044.98,61.8
2025-05-08 17:39:00,2046.24,2046.9,2047.4,2045.45,29.84
2025-05-08 17:40:00,2046.88,2046.44,2047.75,2044.78,82.31
2025-05-08 17:41:00,2046.42,2042.82,2046.55,2042.78,73.53
2025-05-08 17:42:00,2042.99,2045.25,2045.25,2042.17,140.96
2025-05-08 17:43:00,2045.23,2044.38,2045.5,2043.44,282.39
2025-05-08 17:44:00,2044.24,2044.98,2046.08,2043.61,44.81
2025-05-08 17:45:00,2044.96,2045.47,2046.51,2044.96,126.11
2025-05-08 17:46:00,2045.47,2043.48,2045.49,2042.47,71.76
2025-05-08 17:47:00,2043.5,2042.56,2043.5,2042.25,51.38
2025-05-08 17:48:00,2042.58,2038.14,2042.76,2035.84,961.17
2025-05-08 17:49:00,2038.13,2040.74,2041.35,2038.05,176.09
2025-05-08 17:50:00,2040.62,2044.18,2044.46,2039.85,60.83
2025-05-08 17:51:00,2044.16,2044.91,2044.91,2043.37,61.1
2025-05-08 17:52:00,2045.0,2046.35,2047.01,2043.64,416.35
2025-05-08 17:53:00,2046.35,2047.31,2047.83,2046.24,380.7
2025-05-08 17:54:00,2047.29,2048.91,2049.4,2047.16,540.05
2025-05-08 17:55:00,2048.51,2046.97,2049.38,2046.9,76.63
2025-05-08 17:56:00,2046.97,2045.02,2047.84,2044.66,183.24
2025-05-08 17:57:00,2045.0,2045.11,2046.36,2044.26,121.92
2025-05-08 17:58:00,2045.11,2045.3,2046.37,2044.2,385.42
2025-05-08 17:59:00,2045.28,2045.42,2045.7,2044.62,58.37
2025-05-08 18:00:00,2045.44,2047.46,2047.48,2045.29,87.83
2025-05-08 18:01:00,2047.48,2047.38,2048.3,2044.83,97.77
2025-05-08 18:02:00,2047.4,2045.81,2047.42,2044.61,30.7
2025-05-08 18:03:00,2045.93,2044.68,2049.72,2044.68,371.65
2025-05-08 18:04:00,2044.7,2047.03,2047.27,2043.03,65.86
2025-05-08 18:05:00,2047.05,2046.87,2047.98,2046.56,30.78
2025-05-08 18:06:00,2046.94,2047.51,2047.93,2046.39,28.98
2025-05-08 18:07:00,2047.51,2049.75,2049.76,2046.87,58.01
2025-05-08 18:08:00,2049.76,2050.71,2051.69,2049.75,200.41
2025-05-08 18:09:00,2050.69,2051.73,2052.1,2049.27,430.9
2025-05-08 18:10:00,2051.73,2051.01,2053.69,2051.01,300.08
2025-05-08 18:11:00,2051.01,2050.65,2052.18,2049.51,114.97
2025-05-08 18:12:00,2050.7,2052.02,2052.8,2050.68,52.01
2025-05-08 18:13:00,2052.02,2052.17,2053.97,2051.75,409.98
2025-05-08 18:14:00,2052.19,2051.15,2052.51,2051.0,88.3
2025-05-08 18:15:00,2051.09,2052.2,2052.81,2050.57,34.25
2025-05-08 18:16:00,2052.22,2054.12,2054.59,2052.2,420.97
2025-05-08 18:17:00,2054.12,2054.47,2055.05,2053.94,328.04
2025-05-08 18:18:00,2054.45,2055.47,2055.5,2054.07,68.27
2025-05-08 18:19:00,2055.47,2056.43,2056.46,2054.26,59.34
2025-05-08 18:20:00,2056.44,2063.57,2065.99,2056.43,1059.38
2025-05-08 18:21:00,2063.6,2059.5,2063.6,2058.68,599.72
2025-05-08 18:22:00,2059.23,2056.23,2061.08,2055.0,463.08
2025-05-08 18:23:00,2056.28,2057.05,2057.22,2053.79,441.63
2025-05-08 18:24:00,2057.07,2055.26,2057.07,2054.67,35.72
2025-05-08 18:25:00,2055.26,2053.69,2056.49,2053.43,140.06
2025-05-08 18:26:00,2053.69,2051.45,2053.82,2050.49,112.95
2025-05-08 18:27:00,2051.32,2052.1,2052.38,2050.49,960.23
2025-05-08 18:28:00,2052.1,2052.06,2053.08,2051.61,77.76
2025-05-08 18:29:00,2052.06,2053.16,2053.3,2050.81,29.91
2025-05-08 18:30:00,2053.14,2054.68,2054.68,2050.8,64.5
2025-05-08 18:31:00,2054.58,2060.92,2060.99,2054.45,893.82
2025-05-08 18:32:00,2061.03,2060.02,2061.47,2058.69,243.01
2025-05-08 18:33:00,2059.94,2058.11,2060.18,2057.67,124.66
2025-05-08 18:34:00,2058.11,2058.17,2059.84,2058.06,42.24
2025-05-08 18:35:00,2058.15,2058.0,2059.96,2057.34,172.19
2025-05-08 18:36:00,2058.0,2060.34,2063.0,2057.86,65.71
2025-05-08 18:37:00,2060.32,2062.78,2063.99,2060.32,171.49
2025-05-08 18:38:00,2062.76,2065.37,2066.84,2062.56,274.9
2025-05-08 18:39:00,2065.37,2068.55,2068.69,2063.72,193.55
2025-05-08 18:40:00,2068.55,2066.44,2073.09,2065.94,484.93
2025-05-08 18:41:00,2066.41,2067.99,2068.39,2065.26,228.4
2025-05-08 18:42:00,2067.99,2070.15,2073.7,2067.99,223.21
2025-05-08 18:43:00,2070.17,2066.51,2070.29,2066.23,215.84
2025-05-08 18:44:00,2066.83,2065.17,2068.7,2065.04,924.65
2025-05-08 18:45:00,2065.17,2065.18,2065.71,2063.18,134.61
2025-05-08 18:46:00,2065.18,2064.49,2065.2,2062.13,233.79
2025-05-08 18:47:00,2064.44,2063.21,2064.44,2061.83,56.45
2025-05-08 18:48:00,2063.21,2063.25,2063.68,2061.99,35.83
2025-05-08 18:49:00,2063.3,2064.58,2064.94,2063.28,70.4
2025-05-08 18:50:00,2064.58,2063.73,2064.58,2061.9,110.19
2025-05-08 18:51:00,2063.6,2061.47,2063.72,2061.06,92.32
2025-05-08 18:52:00,2061.45,2064.17,2064.54,2061.36,105.07
2025-05-08 18:53:00,2064.15,2064.96,2065.59,2063.85,43.02
2025-05-08 18:54:00,2064.96,2064.39,2065.7,2063.48,54.98
2025-05-08 18:55:00,2064.37,2064.84,2065.17,2062.32,50.95
2025-05-08 18:56:00,2064.82,2062.94,2064.98,2062.57,74.67
2025-05-08 18:57:00,2062.86,2064.93,2065.0,2062.67,280.07
2025-05-08 18:58:00,2064.91,2065.08,2066.0,2064.25,37.3
2025-05-08 18:59:00,2065.08,2066.75,2068.72,2065.08,217.18
2025-05-08 19:00:00,2066.75,2065.32,2067.81,2064.74,47.02
2025-05-08 19:01:00,2065.28,2065.28,2068.19,2064.54,79.64
2025-05-08 19:02:00,2065.05,2064.18,2065.05,2062.65,74.49
2025-05-08 19:03:00,2064.28,2066.49,2066.72,2064.28,193.22
2025-05-08 19:04:00,2066.45,2066.91,2068.16,2066.34,119.46
2025-05-08 19:05:00,2066.89,2062.81,2066.93,2062.77,180.84
2025-05-08 19:06:00,2062.94,2062.06,2063.0,2060.36,60.72
2025-05-08 19:07:00,2062.48,2062.83,2063.51,2062.07,74.0
2025-05-08 19:08:00,2062.83,2064.1,2064.28,2062.01,31.88
2025-05-08 19:09:00,2064.15,2065.08,2066.34,2063.93,100.99
2025-05-08 19:10:00,2065.08,2062.8,2065.08,2062.26,47.47
2025-05-08 19:11:00,2062.82,2064.29,2064.31,2061.2,35.92
2025-05-08 19:12:00,2064.29,2066.87,2066.88,2064.29,167.63
2025-05-08 19:13:00,2066.88,2065.97,2067.6,2064.64,73.88
2025-05-08 19:14:00,2065.97,2063.33,2065.99,2062.99,47.57
2025-05-08 19:15:00,2063.33,2063.03,2063.96,2061.51,71.19
2025-05-08 19:16:00,2063.03,2064.14,2065.08,2063.01,44.27
2025-05-08 19:17:00,2064.32,2063.76,2065.03,2063.35,106.76
2025-05-08 19:18:00,2063.74,2066.13,2066.74,2063.7,59.31
2025-05-08 19:19:00,2066.13,2067.44,2067.91,2064.27,95.62
2025-05-08 19:20:00,2067.49,2070.54,2071.45,2066.91,159.87
2025-05-08 19:21:00,2070.49,2081.39,2087.37,2070.44,1975.31
2025-05-08 19:22:00,2081.66,2074.84,2081.66,2071.47,916.11
2025-05-08 19:23:00,2074.99,2072.59,2075.75,2071.82,84.07
2025-05-08 19:24:00,2072.57,2071.53,2073.8,2070.14,384.68
2025-05-08 19:25:00,2071.69,2076.84,2076.84,2071.68,65.12
2025-05-08 19:26:00,2076.81,2076.31,2078.39,2074.48,155.8
2025-05-08 19:27:00,2076.42,2073.03,2076.81,2071.29,74.59
2025-05-08 19:28:00,2073.09,2075.02,2075.61,2072.66,64.93
2025-05-08 19:29:00,2074.99,2074.29,2076.51,2074.18,221.58
2025-05-08 19:30:00,2074.49,2077.27,2077.48,2073.97,147.5
2025-05-08 19:31:00,2077.27,2077.6,2077.76,2075.51,144.86
2025-05-08 19:32:00,2077.66,2080.22,2080.94,2077.66,241.69
2025-05-08 19:33:00,2080.22,2079.76,2081.33,2079.34,165.91
2025-05-08 19:34:00,2079.76,2076.41,2080.5,2076.41,327.09
2025-05-08 19:35:00,2076.41,2071.5,2076.41,2071.39,108.81
2025-05-08 19:36:00,2071.48,2069.84,2071.48,2068.31,188.35
2025-05-08 19:37:00,2069.86,2070.61,2071.86,2069.77,76.45
2025-05-08 19:38:00,2070.66,2073.32,2073.86,2070.64,104.16
2025-05-08 19:39:00,2073.32,2072.53,2074.27,2072.51,49.13
2025-05-08 19:40:00,2072.53,2073.31,2073.56,2071.04,40.75
2025-05-08 19:41:00,2073.31,2075.12,2076.85,2073.31,102.45
2025-05-08 19:42:00,2075.12,2076.63,2076.82,2074.99,115.58
2025-05-08 19:43:00,2076.62,2078.92,2079.16,2076.3,143.56
2025-05-08 19:44:00,2078.9,2079.48,2079.77,2076.84,115.84
2025-05-08 19:45:00,2079.53,2078.67,2079.89,2076.53,68.46
2025-05-08 19:46:00,2078.67,2081.36,2082.18,2076.97,173.74
2025-05-08 19:47:00,2081.32,2087.47,2087.47,2079.95,294.86
2025-05-08 19:48:00,2087.47,2089.91,2091.85,2085.48,1014.73
2025-05-08 19:49:00,2089.91,2093.73,2095.0,2089.13,869.58
2025-05-08 19:50:00,2093.72,2095.13,2096.0,2089.58,735.53
2025-05-08 19:51:00,2095.15,2097.65,2099.15,2094.47,1641.33
2025-05-08 19:52:00,2097.6,2114.38,2114.72,2097.47,3882.91
2025-05-08 19:53:00,2113.76,2116.85,2121.16,2108.98,3497.67
2025-05-08 19:54:00,2116.82,2132.5,2139.94,2116.23,2331.34
2025-05-08 19:55:00,2132.47,2124.08,2133.36,2116.17,1568.29
2025-05-08 19:56:00,2124.16,2123.74,2124.21,2118.35,504.84
2025-05-08 19:57:00,2123.61,2127.02,2129.3,2120.38,500.83
2025-05-08 19:58:00,2127.03,2126.03,2128.72,2124.3,312.68
2025-05-08 19:59:00,2126.12,2116.96,2126.12,2110.71,619.34
2025-05-08 20:00:00,2117.01,2118.8,2121.36,2114.12,709.43
2025-05-08 20:01:00,2118.29,2124.75,2124.75,2117.25,784.39
2025-05-08 20:02:00,2124.7,2120.24,2124.95,2118.93,351.39
2025-05-08 20:03:00,2120.31,2117.3,2121.83,2117.28,146.12
2025-05-08 20:04:00,2117.3,2117.19,2117.49,2114.21,831.46
2025-05-08 20:05:00,2116.77,2120.12,2121.09,2116.63,195.04
2025-05-08 20:06:00,2120.14,2125.96,2125.96,2118.66,399.05
2025-05-08 20:07:00,2125.44,2120.13,2126.37,2119.0,148.55
2025-05-08 20:08:00,2120.11,2117.98,2120.15,2114.63,195.76
2025-05-08 20:09:00,2118.0,2119.6,2120.48,2116.74,79.36
2025-05-08 20:10:00,2119.6,2116.57,2119.68,2115.03,295.57
2025-05-08 20:11:00,2116.57,2116.66,2118.13,2115.39,73.47
2025-05-08 20:12:00,2116.66,2118.89,2119.17,2115.4,71.71
2025-05-08 20:13:00,2118.91,2116.91,2119.09,2116.91,63.65
2025-05-08 20:14:00,2116.92,2114.13,2118.1,2114.13,179.42
2025-05-08 20:15:00,2114.04,2114.48,2114.94,2110.71,311.74
2025-05-08 20:16:00,2114.63,2113.31,2114.95,2112.0,214.44
2025-05-08 20:17:00,2113.06,2116.93,2117.95,2112.99,55.19
2025-05-08 20:18:00,2116.93,2119.69,2121.13,2116.93,193.21
2025-05-08 20:19:00,2119.71,2119.17,2121.59,2119.13,151.28
2025-05-08 20:20:00,2119.19,2119.79,2122.34,2118.0,90.64
2025-05-08 20:21:00,2119.42,2117.4,2120.22,2116.78,85.67
2025-05-08 20:22:00,2117.42,2118.0,2120.2,2116.32,41.87
2025-05-08 20:23:00,2117.65,2122.3,2124.41,2117.52,140.52
2025-05-08 20:24:00,2122.34,2122.07,2123.22,2121.54,111.31
2025-05-08 20:25:00,2122.09,2120.9,2124.0,2120.06,139.01
2025-05-08 20:26:00,2120.88,2120.99,2122.79,2120.85,155.85
2025-05-08 20:27:00,2120.9,2118.79,2120.96,2117.38,85.65
2025-05-08 20:28:00,2118.77,2120.97,2121.14,2118.77,44.54
2025-05-08 20:29:00,2120.99,2124.7,2128.0,2120.97,305.21
2025-05-08 20:30:00,2124.7,2131.35,2133.2,2124.27,1049.92
2025-05-08 20:31:00,2131.33,2136.5,2136.56,2130.0,233.66
2025-05-08 20:32:00,2136.52,2135.53,2144.81,2134.8,1016.96
2025-05-08 20:33:00,2135.82,2135.35,2136.63,2132.62,281.46
2025-05-08 20:34:00,2135.33,2137.54,2137.82,2134.49,205.38
2025-05-08 20:35:00,2137.52,2130.61,2138.39,2130.61,276.9
2025-05-08 20:36:00,2130.65,2131.33,2132.23,2130.0,196.99
2025-05-08 20:37:00,2131.33,2132.96,2133.18,2130.58,132.11
2025-05-08 20:38:00,2133.01,2134.91,2135.91,2133.01,243.6
2025-05-08 20:39:00,2134.99,2153.05,2153.25,2134.73,1222.96
2025-05-08 20:40:00,2152.36,2146.66,2152.36,2144.79,391.36
2025-05-08 20:41:00,2146.67,2146.21,2147.46,2143.2,147.68
2025-05-08 20:42:00,2146.21,2155.57,2159.7,2145.68,491.27
2025-05-08 20:43:00,2155.67,2152.08,2157.46,2150.8,281.91
2025-05-08 20:44:00,2152.08,2150.38,2153.68,2150.18,188.94
2025-05-08 20:45:00,2150.84,2148.23,2150.86,2144.33,295.48
2025-05-08 20:46:00,2148.28,2155.29,2156.21,2148.28,376.19
2025-05-08 20:47:00,2155.28,2155.18,2156.39,2151.93,383.91
2025-05-08 20:48:00,2155.37,2155.57,2155.88,2152.23,184.73
2025-05-08 20:49:00,2155.51,2154.25,2155.73,2153.3,173.5
2025-05-08 20:50:00,2154.25,2169.71,2172.96,2154.1,1748.13
2025-05-08 20:51:00,2169.61,2178.67,2179.31,2163.61,772.13
2025-05-08 20:52:00,2178.67,2181.02,2184.94,2175.46,1611.37
2025-05-08 20:53:00,2181.06,2188.39,2196.0,2179.39,1272.28
2025-05-08 20:54:00,2188.37,2185.33,2188.37,2181.19,1129.32
2025-05-08 20:55:00,2185.28,2191.36,2194.99,2184.75,623.78
2025-05-08 20:56:00,2191.17,2187.72,2198.99,2187.72,613.19
2025-05-08 20:57:00,2187.4,2183.4,2187.4,2181.37,648.44
2025-05-08 20:58:00,2183.4,2177.01,2184.53,2177.0,354.04
2025-05-08 20:59:00,2177.0,2184.29,2185.37,2174.8,580.56
2025-05-08 21:00:00,2184.39,2178.2,2184.8,2178.0,213.87
2025-05-08 21:01:00,2178.12,2180.27,2182.93,2172.76,814.1
2025-05-08 21:02:00,2180.27,2179.95,2181.73,2176.27,815.78
2025-05-08 21:03:00,2179.93,2178.65,2180.68,2176.11,492.63
2025-05-08 21:04:00,2178.65,2173.19,2178.93,2170.8,589.49
2025-05-08 21:05:00,2173.36,2160.14,2175.01,2157.2,1303.74
2025-05-08 21:06:00,2160.99,2161.17,2164.99,2160.0,422.95
2025-05-08 21:07:00,2161.17,2167.79,2168.46,2158.54,782.98
2025-05-08 21:08:00,2167.86,2167.2,2168.98,2162.0,195.69
2025-05-08 21:09:00,2167.22,2172.69,2173.17,2165.85,352.91
2025-05-08 21:10:00,2172.67,2175.97,2178.05,2171.38,262.92
2025-05-08 21:11:00,2176.12,2177.02,2179.99,2175.33,211.06
2025-05-08 21:12:00,2177.13,2173.64,2178.57,2172.73,149.78
2025-05-08 21:13:00,2173.87,2176.38,2176.38,2173.31,74.61
2025-05-08 21:14:00,2176.38,2185.36,2186.68,2175.91,538.45
2025-05-08 21:15:00,2185.38,2186.86,2188.8,2181.54,181.7
2025-05-08 21:16:00,2186.86,2191.09,2194.43,2186.84,976.52
2025-05-08 21:17:00,2191.07,2207.11,2212.03,2190.21,1664.56
2025-05-08 21:18:00,2207.11,2208.5,2215.81,2202.27,2083.09
2025-05-08 21:19:00,2208.47,2202.22,2208.56,2198.14,914.27
2025-05-08 21:20:00,2202.22,2205.02,2208.16,2201.15,260.68
2025-05-08 21:21:00,2205.0,2214.84,2225.51,2204.97,1488.92
2025-05-08 21:22:00,2214.82,2219.94,2220.33,2208.04,584.89
2025-05-08 21:23:00,2219.92,2213.76,2219.92,2210.01,445.38
2025-05-08 21:24:00,2213.76,2214.41,2219.56,2213.48,491.99
2025-05-08 21:25:00,2214.65,2207.14,2215.14,2203.11,775.69
2025-05-08 21:26:00,2207.03,2209.61,2209.85,2204.73,562.5
2025-05-08 21:27:00,2209.66,2210.15,2210.84,2208.56,207.35
2025-05-08 21:28:00,2210.09,2203.23,2210.09,2203.23,302.17
2025-05-08 21:29:00,2203.21,2198.42,2203.79,2189.33,925.75
2025-05-08 21:30:00,2198.34,2194.38,2198.38,2190.97,271.28
2025-05-08 21:31:00,2194.43,2205.99,2209.44,2193.92,720.69
2025-05-08 21:32:00,2206.08,2204.79,2208.52,2199.33,433.67
2025-05-08 21:33:00,2204.9,2202.75,2206.97,2202.41,269.68
2025-05-08 21:34:00,2202.73,2201.7,2203.64,2199.91,223.8
2025-05-08 21:35:00,2201.72,2196.94,2201.79,2195.45,303.0
2025-05-08 21:36:00,2196.96,2198.82,2202.78,2196.15,245.2
2025-05-08 21:37:00,2198.82,2202.45,2204.48,2196.95,156.0
2025-05-08 21:38:00,2202.41,2199.3,2203.41,2198.27,135.69
2025-05-08 21:39:00,2199.3,2198.07,2201.3,2196.86,162.36
2025-05-08 21:40:00,2198.1,2197.24,2202.01,2197.24,274.08
2025-05-08 21:41:00,2197.23,2184.14,2197.23,2176.05,1027.59
2025-05-08 21:42:00,2184.14,2174.13,2184.78,2165.75,958.01
2025-05-08 21:43:00,2174.62,2175.08,2178.27,2171.57,1697.69
2025-05-08 21:44:00,2175.08,2180.4,2180.42,2172.26,234.47
2025-05-08 21:45:00,2180.42,2184.61,2185.17,2180.11,423.49
2025-05-08 21:46:00,2184.65,2184.26,2188.56,2184.04,674.36
2025-05-08 21:47:00,2184.26,2179.26,2187.21,2178.63,288.29
2025-05-08 21:48:00,2179.31,2181.12,2181.99,2179.13,350.35
2025-05-08 21:49:00,2181.16,2179.69,2181.56,2179.45,335.96
2025-05-08 21:50:00,2179.77,2168.91,2180.0,2168.91,696.75
2025-05-08 21:51:00,2168.67,2175.38,2175.38,2159.89,1739.62
2025-05-08 21:52:00,2175.4,2174.95,2177.56,2172.8,582.12
2025-05-08 21:53:00,2175.22,2169.21,2175.22,2168.23,235.4
2025-05-08 21:54:00,2169.23,2168.5,2170.96,2167.73,234.59
2025-05-08 21:55:00,2168.48,2177.38,2177.65,2167.84,407.69
2025-05-08 21:56:00,2177.38,2178.04,2183.79,2175.42,517.45
2025-05-08 21:57:00,2178.06,2177.72,2179.67,2176.18,114.71
2025-05-08 21:58:00,2177.72,2176.92,2179.91,2175.86,129.79
2025-05-08 21:59:00,2177.17,2179.49,2179.79,2175.05,71.3
2025-05-08 22:00:00,2179.49,2176.94,2180.41,2176.41,268.78
2025-05-08 22:01:00,2176.79,2174.17,2177.25,2173.6,237.05
2025-05-08 22:02:00,2174.35,2173.54,2177.33,2173.5,378.08
2025-05-08 22:03:00,2173.54,2178.29,2178.41,2171.92,332.32
2025-05-08 22:04:00,2178.29,2172.28,2180.57,2172.01,146.15
2025-05-08 22:05:00,2172.25,2176.62,2178.46,2172.0,88.88
2025-05-08 22:06:00,2176.62,2173.53,2176.94,2172.53,84.63
2025-05-08 22:07:00,2173.38,2170.09,2173.38,2169.72,237.33
2025-05-08 22:08:00,2170.11,2168.45,2170.57,2167.5,345.82
2025-05-08 22:09:00,2168.65,2169.29,2169.38,2167.47,72.86
2025-05-08 22:10:00,2169.29,2171.13,2175.33,2169.27,160.85
2025-05-08 22:11:00,2171.14,2168.52,2172.52,2166.06,230.03
2025-05-08 22:12:00,2168.46,2171.02,2171.29,2167.03,137.35
2025-05-08 22:13:00,2171.04,2175.71,2175.86,2171.02,67.01
2025-05-08 22:14:00,2175.73,2177.14,2179.07,2175.73,126.95
2025-05-08 22:15:00,2177.15,2179.98,2180.62,2176.42,128.34
2025-05-08 22:16:00,2180.06,2176.04,2181.58,2176.0,267.99
2025-05-08 22:17:00,2176.04,2177.11,2179.9,2174.01,169.86
2025-05-08 22:18:00,2177.11,2181.98,2182.0,2176.0,70.79
2025-05-08 22:19:00,2182.0,2182.94,2188.32,2182.0,288.35
2025-05-08 22:20:00,2182.97,2181.08,2185.34,2180.94,100.66
2025-05-08 22:21:00,2181.06,2182.26,2183.87,2179.24,99.8
2025-05-08 22:22:00,2182.28,2182.46,2183.88,2182.03,33.07
2025-05-08 22:23:00,2182.44,2180.04,2184.35,2180.02,54.53
2025-05-08 22:24:00,2180.02,2179.56,2182.19,2178.0,114.02
2025-05-08 22:25:00,2179.52,2178.0,2182.12,2178.0,53.97
2025-05-08 22:26:00,2178.02,2176.1,2179.98,2175.42,78.33
2025-05-08 22:27:00,2176.08,2176.35,2177.37,2175.44,596.47
2025-05-08 22:28:00,2176.35,2175.0,2176.71,2174.01,169.03
2025-05-08 22:29:00,2175.02,2179.65,2179.78,2174.68,39.39
2025-05-08 22:30:00,2179.65,2176.66,2179.67,2176.02,41.18
2025-05-08 22:31:00,2176.69,2176.16,2176.69,2174.86,56.58
2025-05-08 22:32:00,2176.29,2176.59,2177.97,2176.27,53.8
2025-05-08 22:33:00,2176.65,2174.11,2177.38,2173.37,73.79
2025-05-08 22:34:00,2174.11,2174.68,2174.97,2171.33,222.95
2025-05-08 22:35:00,2174.68,2176.47,2178.22,2174.66,368.35
2025-05-08 22:36:00,2176.54,2176.26,2177.0,2175.09,38.12
2025-05-08 22:37:00,2176.29,2175.67,2178.76,2175.41,112.79
2025-05-08 22:38:00,2175.73,2179.0,2179.0,2175.67,28.28
2025-05-08 22:39:00,2178.99,2181.06,2182.47,2178.81,80.77
2025-05-08 22:40:00,2181.49,2182.85,2183.07,2180.25,60.04
2025-05-08 22:41:00,2182.99,2180.97,2183.0,2180.7,68.89
2025-05-08 22:42:00,2180.95,2183.46,2183.55,2180.01,77.64
2025-05-08 22:43:00,2183.48,2188.33,2188.83,2183.32,170.76
2025-05-08 22:44:00,2188.31,2193.98,2194.5,2188.29,363.97
2025-05-08 22:45:00,2194.21,2189.24,2195.95,2188.82,321.57
2025-05-08 22:46:00,2189.22,2188.17,2191.66,2188.1,90.29
2025-05-08 22:47:00,2188.1,2188.89,2189.91,2187.59,67.83
2025-05-08 22:48:00,2188.89,2188.94,2190.0,2187.84,48.79
2025-05-08 22:49:00,2188.94,2185.64,2189.71,2184.01,160.99
2025-05-08 22:50:00,2185.64,2183.66,2185.82,2181.52,91.56
2025-05-08 22:51:00,2183.7,2183.66,2185.18,2183.12,51.64
2025-05-08 22:52:00,2183.64,2180.89,2184.18,2178.4,83.72
2025-05-08 22:53:00,2180.89,2180.62,2181.99,2179.76,27.51
2025-05-08 22:54:00,2180.6,2181.62,2181.64,2179.87,515.01
2025-05-08 22:55:00,2181.62,2179.57,2181.62,2178.16,64.85
2025-05-08 22:56:00,2179.49,2181.69,2182.83,2179.36,56.79
2025-05-08 22:57:00,2181.69,2179.63,2181.96,2179.63,75.7
2025-05-08 22:58:00,2179.63,2178.97,2180.28,2177.06,51.68
2025-05-08 22:59:00,2178.85,2178.97,2179.17,2177.79,57.74
2025-05-08 23:00:00,2178.97,2177.18,2179.54,2177.0,46.97
2025-05-08 23:01:00,2177.51,2177.23,2179.45,2175.7,54.2
2025-05-08 23:02:00,2177.23,2174.0,2177.23,2174.0,76.08
2025-05-08 23:03:00,2174.0,2172.05,2175.43,2171.53,180.24
2025-05-08 23:04:00,2172.05,2168.83,2173.14,2168.44,488.27
2025-05-08 23:05:00,2168.83,2169.98,2170.25,2165.5,319.21
2025-05-08 23:06:00,2169.78,2170.05,2171.12,2168.91,95.12
2025-05-08 23:07:00,2170.06,2171.54,2171.75,2169.15,75.85
2025-05-08 23:08:00,2172.0,2173.47,2174.71,2171.54,141.72
2025-05-08 23:09:00,2173.4,2174.0,2174.0,2172.32,42.72
2025-05-08 23:10:00,2173.99,2175.52,2176.94,2173.99,70.7
2025-05-08 23:11:00,2175.5,2175.68,2176.79,2174.91,43.66
2025-05-08 23:12:00,2175.75,2177.78,2177.78,2175.15,135.59
2025-05-08 23:13:00,2177.76,2175.61,2178.77,2175.5,94.12
2025-05-08 23:14:00,2175.63,2173.85,2175.63,2173.34,88.76
2025-05-08 23:15:00,2173.85,2171.71,2173.85,2171.58,174.86
2025-05-08 23:16:00,2171.81,2174.95,2175.1,2171.81,106.32
2025-05-08 23:17:00,2174.95,2181.29,2181.8,2174.44,133.35
2025-05-08 23:18:00,2181.29,2182.15,2183.54,2181.29,208.58
2025-05-08 23:19:00,2182.09,2181.26,2182.56,2180.65,47.52
2025-05-08 23:20:00,2181.26,2185.31,2186.6,2181.26,209.51
2025-05-08 23:21:00,2185.13,2182.07,2185.26,2181.62,150.22
2025-05-08 23:22:00,2182.09,2180.7,2182.94,2180.33,120.03
2025-05-08 23:23:00,2180.68,2181.41,2182.21,2180.47,43.15
2025-05-08 23:24:00,2181.39,2179.02,2183.13,2178.41,44.7
2025-05-08 23:25:00,2179.02,2182.48,2183.45,2179.0,105.42
2025-05-08 23:26:00,2182.48,2182.11,2184.7,2180.87,73.41
2025-05-08 23:27:00,2182.1,2182.75,2183.84,2180.07,68.9
2025-05-08 23:28:00,2182.77,2183.4,2183.92,2182.27,31.35
2025-05-08 23:29:00,2183.4,2184.15,2185.92,2182.98,74.36
2025-05-08 23:30:00,2184.15,2186.77,2187.99,2183.39,129.15
2025-05-08 23:31:00,2186.77,2185.22,2188.48,2185.22,176.95
2025-05-08 23:32:00,2185.17,2188.0,2188.0,2183.36,82.69
2025-05-08 23:33:00,2188.0,2187.68,2190.64,2187.52,138.93
2025-05-08 23:34:00,2187.68,2187.04,2188.91,2184.68,69.78
2025-05-08 23:35:00,2186.98,2191.84,2191.86,2186.82,77.81
2025-05-08 23:36:00,2191.8,2194.3,2194.59,2191.1,155.75
2025-05-08 23:37:00,2194.36,2192.81,2195.59,2191.65,125.47
2025-05-08 23:38:00,2192.81,2188.88,2193.51,2188.73,79.7
2025-05-08 23:39:00,2188.85,2189.83,2189.97,2188.47,69.77
2025-05-08 23:40:00,2189.76,2193.45,2193.57,2189.76,49.97
2025-05-08 23:41:00,2193.45,2192.47,2194.74,2192.1,93.79
2025-05-08 23:42:00,2192.47,2193.76,2194.69,2192.25,67.41
2025-05-08 23:43:00,2193.76,2193.3,2193.78,2191.25,53.98
2025-05-08 23:44:00,2193.28,2191.75,2194.98,2191.73,51.52
2025-05-08 23:45:00,2191.73,2195.0,2195.0,2190.99,68.65
2025-05-08 23:46:00,2195.0,2195.54,2196.36,2193.39,160.57
2025-05-08 23:47:00,2195.62,2198.53,2199.03,2195.39,109.54
2025-05-08 23:48:00,2198.58,2197.19,2200.76,2196.5,305.78
2025-05-08 23:49:00,2197.19,2195.84,2198.61,2195.02,45.99
2025-05-08 23:50:00,2195.92,2193.86,2196.61,2193.46,223.04
2025-05-08 23:51:00,2193.87,2195.34,2195.34,2192.44,131.28
2025-05-08 23:52:00,2195.32,2193.39,2195.95,2192.87,65.15
2025-05-08 23:53:00,2193.39,2194.52,2195.28,2192.25,54.49
2025-05-08 23:54:00,2194.52,2199.68,2200.36,2192.87,271.26
2025-05-08 23:55:00,2199.68,2204.67,2206.52,2199.68,714.96
2025-05-08 23:56:00,2204.65,2206.16,2207.52,2203.14,94.71
2025-05-08 23:57:00,2206.12,2206.43,2207.54,2205.69,166.87
2025-05-08 23:58:00,2206.43,2204.32,2206.92,2204.32,110.21
2025-05-08 23:59:00,2204.34,2206.5,2207.9,2204.24,116.33
2025-05-09 00:00:00,2206.47,2202.92,2207.6,2202.46,121.56
2025-05-09 00:01:00,2202.91,2201.02,2205.01,2200.01,76.03
2025-05-09 00:02:00,2200.98,2198.62,2201.58,2198.47,139.74
2025-05-09 00:03:00,2198.62,2200.71,2200.71,2195.85,93.41
2025-05-09 00:04:00,2200.69,2197.13,2201.82,2196.6,64.67
2025-05-09 00:05:00,2197.2,2195.29,2197.2,2191.63,103.12
2025-05-09 00:06:00,2195.27,2194.55,2196.48,2193.62,80.65
2025-05-09 00:07:00,2194.55,2198.59,2198.64,2193.18,70.35
2025-05-09 00:08:00,2198.7,2192.95,2199.09,2192.48,141.27
2025-05-09 00:09:00,2192.98,2190.08,2193.0,2187.41,160.67
2025-05-09 00:10:00,2190.07,2187.25,2191.88,2187.03,101.77
2025-05-09 00:11:00,2187.32,2188.44,2189.15,2187.17,204.9
2025-05-09 00:12:00,2188.44,2188.49,2188.99,2187.01,157.28
2025-05-09 00:13:00,2188.22,2187.75,2188.57,2186.57,72.26
2025-05-09 00:14:00,2187.75,2187.36,2189.25,2187.36,90.67
2025-05-09 00:15:00,2187.36,2186.91,2188.61,2183.83,252.01
2025-05-09 00:16:00,2186.83,2187.34,2188.66,2186.15,39.72
2025-05-09 00:17:00,2187.45,2187.08,2187.51,2184.5,52.19
2025-05-09 00:18:00,2187.25,2189.42,2189.54,2185.78,169.99
2025-05-09 00:19:00,2189.51,2192.79,2193.19,2189.49,59.86
2025-05-09 00:20:00,2192.79,2196.75,2196.9,2192.77,326.52
2025-05-09 00:21:00,2196.68,2193.74,2196.7,2193.05,66.73
2025-05-09 00:22:00,2193.57,2192.16,2195.06,2192.03,61.5
2025-05-09 00:23:00,2192.15,2187.08,2192.36,2186.95,61.46
2025-05-09 00:24:00,2187.1,2189.28,2189.28,2186.58,60.39
2025-05-09 00:25:00,2189.18,2188.95,2189.77,2188.42,188.1
2025-05-09 00:26:00,2188.97,2190.78,2191.0,2188.83,201.17
2025-05-09 00:27:00,2190.78,2189.07,2191.18,2188.29,60.31
2025-05-09 00:28:00,2189.09,2189.47,2189.52,2188.21,52.38
2025-05-09 00:29:00,2189.45,2190.42,2190.5,2188.9,88.44
2025-05-09 00:30:00,2190.67,2193.69,2193.69,2190.06,49.08
2025-05-09 00:31:00,2193.67,2194.69,2195.44,2193.27,203.97
2025-05-09 00:32:00,2194.69,2194.03,2194.71,2192.14,139.79
2025-05-09 00:33:00,2194.01,2197.89,2197.91,2191.43,217.58
2025-05-09 00:34:00,2197.91,2190.45,2198.68,2190.19,190.38
2025-05-09 00:35:00,2190.45,2187.64,2191.84,2187.62,37.27
2025-05-09 00:36:00,2187.72,2185.36,2188.52,2185.01,261.52
2025-05-09 00:37:00,2185.36,2194.19,2194.2,2185.08,69.61
2025-05-09 00:38:00,2194.19,2198.54,2200.76,2193.0,421.3
2025-05-09 00:39:00,2198.96,2198.34,2202.94,2197.4,127.89
2025-05-09 00:40:00,2198.35,2195.39,2199.08,2195.24,94.22
2025-05-09 00:41:00,2195.31,2193.5,2195.81,2192.24,47.0
2025-05-09 00:42:00,2193.51,2194.48,2195.8,2192.97,45.51
2025-05-09 00:43:00,2194.5,2198.76,2198.78,2193.61,73.7
2025-05-09 00:44:00,2198.82,2200.71,2200.87,2197.85,115.4
2025-05-09 00:45:00,2200.65,2201.32,2202.94,2199.68,104.29
2025-05-09 00:46:00,2201.32,2199.11,2202.0,2198.72,169.58
2025-05-09 00:47:00,2198.96,2199.52,2200.34,2197.23,161.79
2025-05-09 00:48:00,2199.5,2200.0,2200.0,2197.21,61.32
2025-05-09 00:49:00,2199.98,2202.33,2203.77,2199.98,107.93
2025-05-09 00:50:00,2202.33,2201.56,2203.05,2200.15,66.53
2025-05-09 00:51:00,2201.5,2207.16,2207.19,2201.48,221.76
2025-05-09 00:52:00,2207.39,2213.42,2214.72,2207.39,467.15
2025-05-09 00:53:00,2213.83,2204.98,2214.3,2204.25,212.11
2025-05-09 00:54:00,2204.98,2206.54,2206.69,2201.79,129.32
2025-05-09 00:55:00,2206.62,2207.32,2208.98,2206.36,109.79
2025-05-09 00:56:00,2207.28,2203.76,2207.28,2203.24,135.08
2025-05-09 00:57:00,2203.76,2202.22,2203.88,2202.2,108.04
2025-05-09 00:58:00,2202.23,2201.72,2202.3,2201.11,165.22
2025-05-09 00:59:00,2201.72,2200.28,2202.57,2200.28,56.0
2025-05-09 01:00:00,2200.21,2198.64,2201.13,2196.64,436.52
2025-05-09 01:01:00,2198.64,2196.76,2198.97,2196.66,117.12
2025-05-09 01:02:00,2196.78,2194.83,2196.78,2193.45,136.53
2025-05-09 01:03:00,2194.83,2195.01,2195.16,2192.63,57.57
2025-05-09 01:04:00,2194.98,2195.84,2196.41,2192.58,51.07
2025-05-09 01:05:00,2195.82,2192.82,2196.94,2192.6,95.91
2025-05-09 01:06:00,2192.69,2197.59,2197.59,2192.48,205.8
2025-05-09 01:07:00,2197.52,2198.26,2198.93,2195.53,50.93
2025-05-09 01:08:00,2198.26,2203.68,2206.65,2198.26,249.09
2025-05-09 01:09:00,2203.68,2206.09,2206.65,2203.14,343.34
2025-05-09 01:10:00,2206.09,2205.81,2208.0,2203.54,76.84
2025-05-09 01:11:00,2205.79,2206.63,2206.65,2204.5,68.26
